id,productId,partner1Id,partner2Id,customerId,createdAt,updatedAt
1,1,35,-1,1,2022-11-26,2022-11-26
2,2,35,-1,2,2022-11-26,2022-11-26
3,3,35,-1,3,2022-11-26,2022-11-26
4,4,35,-1,4,2022-11-26,2022-11-26
5,5,35,-1,5,2022-11-26,2022-11-26
6,6,35,-1,6,2022-11-26,2022-11-26
7,7,4,-1,7,2022-11-26,2022-11-26
8,8,4,-1,8,2022-11-26,2022-11-26
9,9,4,-1,9,2022-11-26,2022-11-26
10,10,4,-1,10,2022-11-26,2022-11-26
11,11,4,-1,11,2022-11-26,2022-11-26
12,12,35,-1,12,2022-11-26,2022-11-26
13,13,35,-1,13,2022-11-26,2022-11-26
14,14,35,-1,14,2022-11-26,2022-11-26
15,15,35,-1,15,2022-11-26,2022-11-26
16,16,35,-1,16,2022-11-26,2022-11-26
17,17,35,-1,17,2022-11-26,2022-11-26
18,18,35,-1,18,2022-11-26,2022-11-26
19,19,35,-1,19,2022-11-26,2022-11-26
20,20,35,-1,20,2022-11-26,2022-11-26
21,21,35,-1,21,2022-11-26,2022-11-26
22,22,35,-1,22,2022-11-26,2022-11-26
23,23,35,-1,23,2022-11-26,2022-11-26
24,24,35,-1,24,2022-11-26,2022-11-26
25,25,35,-1,25,2022-11-26,2022-11-26
26,26,5,-1,26,2022-11-26,2022-11-26
27,27,5,-1,27,2022-11-26,2022-11-26
28,28,5,-1,28,2022-11-26,2022-11-26
29,29,5,-1,29,2022-11-26,2022-11-26
30,30,5,-1,30,2022-11-26,2022-11-26
31,31,36,-1,31,2022-11-26,2022-11-26
32,32,36,-1,32,2022-11-26,2022-11-26
33,33,36,-1,33,2022-11-26,2022-11-26
34,34,36,-1,34,2022-11-26,2022-11-26
35,35,36,-1,35,2022-11-26,2022-11-26
36,36,36,-1,36,2022-11-26,2022-11-26
37,37,36,-1,37,2022-11-26,2022-11-26
38,38,36,-1,38,2022-11-26,2022-11-26
39,39,36,-1,39,2022-11-26,2022-11-26
40,40,36,-1,40,2022-11-26,2022-11-26
41,41,36,-1,41,2022-11-26,2022-11-26
42,42,36,-1,42,2022-11-26,2022-11-26
43,43,36,-1,43,2022-11-26,2022-11-26
44,44,36,-1,44,2022-11-26,2022-11-26
45,45,36,-1,45,2022-11-26,2022-11-26
46,46,36,-1,46,2022-11-26,2022-11-26
47,47,36,-1,47,2022-11-26,2022-11-26
48,48,36,-1,48,2022-11-26,2022-11-26
49,49,36,-1,49,2022-11-26,2022-11-26
50,50,36,-1,50,2022-11-26,2022-11-26
51,51,36,-1,51,2022-11-26,2022-11-26
52,52,36,-1,52,2022-11-26,2022-11-26
53,53,36,-1,53,2022-11-26,2022-11-26
54,54,36,-1,54,2022-11-26,2022-11-26
55,55,36,-1,55,2022-11-26,2022-11-26
56,56,5,-1,56,2022-11-26,2022-11-26
57,57,5,-1,57,2022-11-26,2022-11-26
58,58,5,-1,58,2022-11-26,2022-11-26
59,59,5,-1,59,2022-11-26,2022-11-26
60,60,5,-1,60,2022-11-26,2022-11-26
61,61,37,-1,61,2022-11-26,2022-11-26
62,62,37,-1,62,2022-11-26,2022-11-26
63,63,37,-1,63,2022-11-26,2022-11-26
64,64,37,-1,64,2022-11-26,2022-11-26
65,65,37,-1,65,2022-11-26,2022-11-26
66,66,37,-1,66,2022-11-26,2022-11-26
67,67,37,-1,67,2022-11-26,2022-11-26
68,68,37,-1,68,2022-11-26,2022-11-26
69,69,37,-1,69,2022-11-26,2022-11-26
70,70,37,-1,70,2022-11-26,2022-11-26
71,71,37,-1,71,2022-11-26,2022-11-26
72,72,37,-1,72,2022-11-26,2022-11-26
73,73,37,-1,73,2022-11-26,2022-11-26
74,74,37,-1,74,2022-11-26,2022-11-26
75,75,37,-1,75,2022-11-26,2022-11-26
76,76,37,-1,76,2022-11-26,2022-11-26
77,77,37,-1,77,2022-11-26,2022-11-26
78,78,37,-1,78,2022-11-26,2022-11-26
79,79,37,-1,79,2022-11-26,2022-11-26
80,80,37,-1,80,2022-11-26,2022-11-26
81,81,37,-1,81,2022-11-26,2022-11-26
82,82,37,-1,82,2022-11-26,2022-11-26
83,83,37,-1,83,2022-11-26,2022-11-26
84,84,37,-1,84,2022-11-26,2022-11-26
85,85,37,-1,85,2022-11-26,2022-11-26
86,86,5,-1,86,2022-11-26,2022-11-26
87,87,5,-1,87,2022-11-26,2022-11-26
88,88,5,-1,88,2022-11-26,2022-11-26
89,89,5,-1,89,2022-11-26,2022-11-26
90,90,5,-1,90,2022-11-26,2022-11-26
91,91,38,-1,91,2022-11-26,2022-11-26
92,92,38,-1,92,2022-11-26,2022-11-26
93,93,38,-1,93,2022-11-26,2022-11-26
94,94,38,-1,94,2022-11-26,2022-11-26
95,95,38,-1,95,2022-11-26,2022-11-26
96,96,38,-1,96,2022-11-26,2022-11-26
97,97,38,-1,97,2022-11-26,2022-11-26
98,98,38,-1,98,2022-11-26,2022-11-26
99,99,38,-1,99,2022-11-26,2022-11-26
100,100,38,-1,100,2022-11-26,2022-11-26
101,101,38,-1,101,2022-11-26,2022-11-26
102,102,38,-1,102,2022-11-26,2022-11-26
103,103,38,-1,103,2022-11-26,2022-11-26
104,104,38,-1,104,2022-11-26,2022-11-26
105,105,38,-1,105,2022-11-26,2022-11-26
106,106,38,-1,106,2022-11-26,2022-11-26
107,107,38,-1,107,2022-11-26,2022-11-26
108,108,38,-1,108,2022-11-26,2022-11-26
109,109,38,-1,109,2022-11-26,2022-11-26
110,110,38,-1,110,2022-11-26,2022-11-26
111,111,38,-1,111,2022-11-26,2022-11-26
112,112,38,-1,112,2022-11-26,2022-11-26
113,113,38,-1,113,2022-11-26,2022-11-26
114,114,38,-1,114,2022-11-26,2022-11-26
115,115,38,-1,115,2022-11-26,2022-11-26
116,116,5,-1,116,2022-11-26,2022-11-26
117,117,5,-1,117,2022-11-26,2022-11-26
118,118,5,-1,118,2022-11-26,2022-11-26
119,119,5,-1,119,2022-11-26,2022-11-26
120,120,5,-1,120,2022-11-26,2022-11-26
121,121,39,-1,121,2022-11-26,2022-11-26
122,122,39,-1,122,2022-11-26,2022-11-26
123,123,39,-1,123,2022-11-26,2022-11-26
124,124,39,-1,124,2022-11-26,2022-11-26
125,125,39,-1,125,2022-11-26,2022-11-26
126,126,39,-1,126,2022-11-26,2022-11-26
127,127,39,-1,127,2022-11-26,2022-11-26
128,128,39,-1,128,2022-11-26,2022-11-26
129,129,39,-1,129,2022-11-26,2022-11-26
130,130,39,-1,130,2022-11-26,2022-11-26
131,131,39,-1,131,2022-11-26,2022-11-26
132,132,39,-1,132,2022-11-26,2022-11-26
133,133,39,-1,133,2022-11-26,2022-11-26
134,134,39,-1,134,2022-11-26,2022-11-26
135,135,39,-1,135,2022-11-26,2022-11-26
136,136,39,-1,136,2022-11-26,2022-11-26
137,137,39,-1,137,2022-11-26,2022-11-26
138,138,39,-1,138,2022-11-26,2022-11-26
139,139,39,-1,139,2022-11-26,2022-11-26
140,140,39,-1,140,2022-11-26,2022-11-26
141,141,39,-1,141,2022-11-26,2022-11-26
142,142,39,-1,142,2022-11-26,2022-11-26
143,143,39,-1,143,2022-11-26,2022-11-26
144,144,39,-1,144,2022-11-26,2022-11-26
145,145,39,-1,145,2022-11-26,2022-11-26
146,146,6,-1,146,2022-11-26,2022-11-26
147,147,6,-1,147,2022-11-26,2022-11-26
148,148,6,-1,148,2022-11-26,2022-11-26
149,149,6,-1,149,2022-11-26,2022-11-26
150,150,6,-1,150,2022-11-26,2022-11-26
151,151,40,-1,151,2022-11-26,2022-11-26
152,152,40,-1,152,2022-11-26,2022-11-26
153,153,40,-1,153,2022-11-26,2022-11-26
154,154,40,-1,154,2022-11-26,2022-11-26
155,155,40,-1,155,2022-11-26,2022-11-26
156,156,40,-1,156,2022-11-26,2022-11-26
157,157,40,-1,157,2022-11-26,2022-11-26
158,158,40,-1,158,2022-11-26,2022-11-26
159,159,40,-1,159,2022-11-26,2022-11-26
160,160,40,-1,160,2022-11-26,2022-11-26
161,161,40,-1,161,2022-11-26,2022-11-26
162,162,40,-1,162,2022-11-26,2022-11-26
163,163,40,-1,163,2022-11-26,2022-11-26
164,164,40,-1,164,2022-11-26,2022-11-26
165,165,40,-1,165,2022-11-26,2022-11-26
166,166,40,-1,166,2022-11-26,2022-11-26
167,167,40,-1,167,2022-11-26,2022-11-26
168,168,40,-1,168,2022-11-26,2022-11-26
169,169,40,-1,169,2022-11-26,2022-11-26
170,170,40,-1,170,2022-11-26,2022-11-26
171,171,40,-1,171,2022-11-26,2022-11-26
172,172,40,-1,172,2022-11-26,2022-11-26
173,173,40,-1,173,2022-11-26,2022-11-26
174,174,40,-1,174,2022-11-26,2022-11-26
175,175,40,-1,175,2022-11-26,2022-11-26
176,176,40,-1,176,2022-11-26,2022-11-26
177,177,40,-1,177,2022-11-26,2022-11-26
178,178,40,-1,178,2022-11-26,2022-11-26
179,179,40,-1,179,2022-11-26,2022-11-26
180,180,40,-1,180,2022-11-26,2022-11-26
181,181,41,-1,181,2022-11-26,2022-11-26
182,182,41,-1,182,2022-11-26,2022-11-26
183,183,41,-1,183,2022-11-26,2022-11-26
184,184,41,-1,184,2022-11-26,2022-11-26
185,185,41,-1,185,2022-11-26,2022-11-26
186,186,41,-1,186,2022-11-26,2022-11-26
187,187,41,-1,187,2022-11-26,2022-11-26
188,188,41,-1,188,2022-11-26,2022-11-26
189,189,41,-1,189,2022-11-26,2022-11-26
190,190,41,-1,190,2022-11-26,2022-11-26
191,191,41,-1,191,2022-11-26,2022-11-26
192,192,41,-1,192,2022-11-26,2022-11-26
193,193,41,-1,193,2022-11-26,2022-11-26
194,194,41,-1,194,2022-11-26,2022-11-26
195,195,41,-1,195,2022-11-26,2022-11-26
196,196,41,-1,196,2022-11-26,2022-11-26
197,197,41,-1,197,2022-11-26,2022-11-26
198,198,41,-1,198,2022-11-26,2022-11-26
199,199,41,-1,199,2022-11-26,2022-11-26
200,200,6,-1,200,2022-11-26,2022-11-26
201,201,6,-1,201,2022-11-26,2022-11-26
202,202,6,-1,202,2022-11-26,2022-11-26
203,203,6,-1,203,2022-11-26,2022-11-26
204,204,6,-1,204,2022-11-26,2022-11-26
205,205,6,-1,205,2022-11-26,2022-11-26
206,206,6,-1,206,2022-11-26,2022-11-26
207,207,6,-1,207,2022-11-26,2022-11-26
208,208,6,-1,208,2022-11-26,2022-11-26
209,209,6,-1,209,2022-11-26,2022-11-26
210,210,6,-1,210,2022-11-26,2022-11-26
211,211,6,-1,211,2022-11-26,2022-11-26
212,212,6,-1,212,2022-11-26,2022-11-26
213,213,6,-1,213,2022-11-26,2022-11-26
214,214,6,-1,214,2022-11-26,2022-11-26
215,215,6,-1,215,2022-11-26,2022-11-26
216,216,6,-1,216,2022-11-26,2022-11-26
217,217,6,-1,217,2022-11-26,2022-11-26
218,218,6,-1,218,2022-11-26,2022-11-26
219,219,6,-1,219,2022-11-26,2022-11-26
220,220,6,-1,220,2022-11-26,2022-11-26
221,221,6,-1,221,2022-11-26,2022-11-26
222,222,6,-1,222,2022-11-26,2022-11-26
223,223,6,-1,223,2022-11-26,2022-11-26
224,224,6,-1,224,2022-11-26,2022-11-26
225,225,6,-1,225,2022-11-26,2022-11-26
226,226,6,-1,226,2022-11-26,2022-11-26
227,227,6,-1,227,2022-11-26,2022-11-26
228,228,6,-1,228,2022-11-26,2022-11-26
229,229,6,-1,229,2022-11-26,2022-11-26
230,230,6,-1,230,2022-11-26,2022-11-26
231,231,6,-1,231,2022-11-26,2022-11-26
232,232,6,-1,232,2022-11-26,2022-11-26
233,233,6,-1,233,2022-11-26,2022-11-26
234,234,6,-1,234,2022-11-26,2022-11-26
235,235,6,-1,235,2022-11-26,2022-11-26
236,236,6,-1,236,2022-11-26,2022-11-26
237,237,6,-1,237,2022-11-26,2022-11-26
238,238,6,-1,238,2022-11-26,2022-11-26
239,239,6,-1,239,2022-11-26,2022-11-26
240,240,-1,-1,240,2022-11-26,2022-11-26
241,241,-1,-1,241,2022-11-26,2022-11-26
242,242,-1,-1,242,2022-11-26,2022-11-26
243,243,-1,-1,243,2022-11-26,2022-11-26
244,244,-1,-1,244,2022-11-26,2022-11-26
245,245,-1,-1,245,2022-11-26,2022-11-26
246,246,-1,-1,246,2022-11-26,2022-11-26
247,247,-1,-1,247,2022-11-26,2022-11-26
248,248,-1,-1,248,2022-11-26,2022-11-26
249,249,-1,-1,249,2022-11-26,2022-11-26
250,250,-1,-1,250,2022-11-26,2022-11-26
251,251,-1,-1,251,2022-11-26,2022-11-26
252,252,-1,-1,252,2022-11-26,2022-11-26
253,253,-1,-1,253,2022-11-26,2022-11-26
254,254,-1,-1,254,2022-11-26,2022-11-26
255,255,-1,-1,255,2022-11-26,2022-11-26
256,256,-1,-1,256,2022-11-26,2022-11-26
257,257,-1,-1,257,2022-11-26,2022-11-26
258,258,-1,-1,258,2022-11-26,2022-11-26
259,259,-1,-1,259,2022-11-26,2022-11-26
260,260,-1,-1,260,2022-11-26,2022-11-26
261,261,-1,-1,261,2022-11-26,2022-11-26
262,262,-1,-1,262,2022-11-26,2022-11-26
263,263,-1,-1,263,2022-11-26,2022-11-26
264,264,-1,-1,264,2022-11-26,2022-11-26
265,265,-1,-1,265,2022-11-26,2022-11-26
266,266,-1,-1,266,2022-11-26,2022-11-26
267,267,-1,-1,267,2022-11-26,2022-11-26
268,268,-1,-1,268,2022-11-26,2022-11-26
269,269,-1,-1,269,2022-11-26,2022-11-26
270,270,-1,-1,270,2022-11-26,2022-11-26
271,271,-1,-1,271,2022-11-26,2022-11-26
272,272,-1,-1,272,2022-11-26,2022-11-26
273,273,-1,-1,273,2022-11-26,2022-11-26
274,274,-1,-1,274,2022-11-26,2022-11-26
275,275,-1,-1,275,2022-11-26,2022-11-26
276,276,-1,-1,276,2022-11-26,2022-11-26
277,277,-1,-1,277,2022-11-26,2022-11-26
278,278,-1,-1,278,2022-11-26,2022-11-26
279,279,-1,-1,279,2022-11-26,2022-11-26
280,280,-1,-1,280,2022-11-26,2022-11-26
281,281,-1,-1,281,2022-11-26,2022-11-26
282,282,-1,-1,282,2022-11-26,2022-11-26
283,283,-1,-1,283,2022-11-26,2022-11-26
284,284,-1,-1,284,2022-11-26,2022-11-26
285,285,-1,-1,285,2022-11-26,2022-11-26
286,286,-1,-1,286,2022-11-26,2022-11-26
287,287,-1,-1,287,2022-11-26,2022-11-26
288,288,-1,-1,288,2022-11-26,2022-11-26
289,289,-1,-1,289,2022-11-26,2022-11-26
290,290,-1,-1,290,2022-11-26,2022-11-26
291,291,-1,-1,291,2022-11-26,2022-11-26
292,292,-1,-1,292,2022-11-26,2022-11-26
293,293,-1,-1,293,2022-11-26,2022-11-26
294,294,-1,-1,294,2022-11-26,2022-11-26
295,295,-1,-1,295,2022-11-26,2022-11-26
296,296,-1,-1,296,2022-11-26,2022-11-26
297,297,-1,-1,297,2022-11-26,2022-11-26
298,298,-1,-1,298,2022-11-26,2022-11-26
299,299,-1,-1,299,2022-11-26,2022-11-26
300,300,-1,-1,300,2022-11-26,2022-11-26
301,301,-1,-1,301,2022-11-26,2022-11-26
302,302,-1,-1,302,2022-11-26,2022-11-26
303,303,-1,-1,303,2022-11-26,2022-11-26
304,304,-1,-1,304,2022-11-26,2022-11-26
305,305,-1,-1,305,2022-11-26,2022-11-26
306,306,-1,-1,306,2022-11-26,2022-11-26
307,307,-1,-1,307,2022-11-26,2022-11-26
308,308,-1,-1,308,2022-11-26,2022-11-26
309,309,-1,-1,309,2022-11-26,2022-11-26
310,310,-1,-1,310,2022-11-26,2022-11-26
311,311,-1,-1,311,2022-11-26,2022-11-26
312,312,-1,-1,312,2022-11-26,2022-11-26
313,313,-1,-1,313,2022-11-26,2022-11-26
314,314,-1,-1,314,2022-11-26,2022-11-26
315,315,-1,-1,315,2022-11-26,2022-11-26
316,316,-1,-1,316,2022-11-26,2022-11-26
317,317,-1,-1,317,2022-11-26,2022-11-26
318,318,-1,-1,318,2022-11-26,2022-11-26
319,319,-1,-1,319,2022-11-26,2022-11-26
320,320,-1,-1,320,2022-11-26,2022-11-26
321,321,-1,-1,321,2022-11-26,2022-11-26
322,322,-1,-1,322,2022-11-26,2022-11-26
323,323,-1,-1,323,2022-11-26,2022-11-26
324,324,-1,-1,324,2022-11-26,2022-11-26
325,325,-1,-1,325,2022-11-26,2022-11-26
326,326,-1,-1,326,2022-11-26,2022-11-26
327,327,-1,-1,327,2022-11-26,2022-11-26
328,328,-1,-1,328,2022-11-26,2022-11-26
329,329,-1,-1,329,2022-11-26,2022-11-26
330,330,-1,-1,330,2022-11-26,2022-11-26
331,331,-1,-1,331,2022-11-26,2022-11-26
332,332,-1,-1,332,2022-11-26,2022-11-26
333,333,-1,-1,333,2022-11-26,2022-11-26
334,334,-1,-1,334,2022-11-26,2022-11-26
335,335,-1,-1,335,2022-11-26,2022-11-26
336,336,-1,-1,336,2022-11-26,2022-11-26
337,337,-1,-1,337,2022-11-26,2022-11-26
338,338,-1,-1,338,2022-11-26,2022-11-26
339,339,-1,-1,339,2022-11-26,2022-11-26
340,340,-1,-1,340,2022-11-26,2022-11-26
341,341,-1,-1,341,2022-11-26,2022-11-26
342,342,-1,-1,342,2022-11-26,2022-11-26
343,343,-1,-1,343,2022-11-26,2022-11-26
344,344,-1,-1,344,2022-11-26,2022-11-26
345,345,-1,-1,345,2022-11-26,2022-11-26
346,346,-1,-1,346,2022-11-26,2022-11-26
347,347,-1,-1,347,2022-11-26,2022-11-26
348,348,-1,-1,348,2022-11-26,2022-11-26
349,349,-1,-1,349,2022-11-26,2022-11-26
350,350,-1,-1,350,2022-11-26,2022-11-26
351,351,-1,-1,351,2022-11-26,2022-11-26
352,352,-1,-1,352,2022-11-26,2022-11-26
353,353,-1,-1,353,2022-11-26,2022-11-26
354,354,-1,-1,354,2022-11-26,2022-11-26
355,355,-1,-1,355,2022-11-26,2022-11-26
356,356,-1,-1,356,2022-11-26,2022-11-26
357,357,-1,-1,357,2022-11-26,2022-11-26
358,358,-1,-1,358,2022-11-26,2022-11-26
359,359,-1,-1,359,2022-11-26,2022-11-26
360,360,-1,-1,360,2022-11-26,2022-11-26
361,361,-1,-1,361,2022-11-26,2022-11-26
362,362,-1,-1,362,2022-11-26,2022-11-26
363,363,-1,-1,363,2022-11-26,2022-11-26
364,364,-1,-1,364,2022-11-26,2022-11-26
365,365,-1,-1,365,2022-11-26,2022-11-26
366,366,-1,-1,366,2022-11-26,2022-11-26
367,367,-1,-1,367,2022-11-26,2022-11-26
368,368,-1,-1,368,2022-11-26,2022-11-26
369,369,-1,-1,369,2022-11-26,2022-11-26
370,370,-1,-1,370,2022-11-26,2022-11-26
371,371,-1,-1,371,2022-11-26,2022-11-26
372,372,-1,-1,372,2022-11-26,2022-11-26
373,373,-1,-1,373,2022-11-26,2022-11-26
374,374,-1,-1,374,2022-11-26,2022-11-26
375,375,-1,-1,375,2022-11-26,2022-11-26
376,376,-1,-1,376,2022-11-26,2022-11-26
377,377,-1,-1,377,2022-11-26,2022-11-26
378,378,-1,-1,378,2022-11-26,2022-11-26
379,379,-1,-1,379,2022-11-26,2022-11-26
380,380,-1,-1,380,2022-11-26,2022-11-26
381,381,-1,-1,381,2022-11-26,2022-11-26
382,382,-1,-1,382,2022-11-26,2022-11-26
383,383,-1,-1,383,2022-11-26,2022-11-26
384,384,-1,-1,384,2022-11-26,2022-11-26
385,385,-1,-1,385,2022-11-26,2022-11-26
386,386,-1,-1,386,2022-11-26,2022-11-26
387,387,-1,-1,387,2022-11-26,2022-11-26
388,388,-1,-1,388,2022-11-26,2022-11-26
389,389,-1,-1,389,2022-11-26,2022-11-26
390,390,-1,-1,390,2022-11-26,2022-11-26
391,391,-1,-1,391,2022-11-26,2022-11-26
392,392,-1,-1,392,2022-11-26,2022-11-26
393,393,-1,-1,393,2022-11-26,2022-11-26
394,394,-1,-1,394,2022-11-26,2022-11-26
395,395,-1,-1,395,2022-11-26,2022-11-26
396,396,-1,-1,396,2022-11-26,2022-11-26
397,397,-1,-1,397,2022-11-26,2022-11-26
398,398,-1,-1,398,2022-11-26,2022-11-26
399,399,-1,-1,399,2022-11-26,2022-11-26
400,400,-1,-1,400,2022-11-26,2022-11-26
401,401,-1,-1,401,2022-11-26,2022-11-26
402,402,-1,-1,402,2022-11-26,2022-11-26
403,403,-1,-1,403,2022-11-26,2022-11-26
404,404,-1,-1,404,2022-11-26,2022-11-26
405,405,-1,-1,405,2022-11-26,2022-11-26
406,406,-1,-1,406,2022-11-26,2022-11-26
407,407,-1,-1,407,2022-11-26,2022-11-26
408,408,-1,-1,408,2022-11-26,2022-11-26
409,409,-1,-1,409,2022-11-26,2022-11-26
410,410,-1,-1,410,2022-11-26,2022-11-26
411,411,-1,-1,411,2022-11-26,2022-11-26
412,412,-1,-1,412,2022-11-26,2022-11-26
413,413,-1,-1,413,2022-11-26,2022-11-26
414,414,-1,-1,414,2022-11-26,2022-11-26
415,415,-1,-1,415,2022-11-26,2022-11-26
416,416,-1,-1,416,2022-11-26,2022-11-26
417,417,-1,-1,417,2022-11-26,2022-11-26
418,418,-1,-1,418,2022-11-26,2022-11-26
419,419,-1,-1,419,2022-11-26,2022-11-26
420,420,-1,-1,420,2022-11-26,2022-11-26
421,421,-1,-1,421,2022-11-26,2022-11-26
422,422,-1,-1,422,2022-11-26,2022-11-26
423,423,-1,-1,423,2022-11-26,2022-11-26
424,424,-1,-1,424,2022-11-26,2022-11-26
425,425,-1,-1,425,2022-11-26,2022-11-26
426,426,-1,-1,426,2022-11-26,2022-11-26
427,427,-1,-1,427,2022-11-26,2022-11-26
428,428,-1,-1,428,2022-11-26,2022-11-26
429,429,-1,-1,429,2022-11-26,2022-11-26
430,430,-1,-1,430,2022-11-26,2022-11-26
431,431,-1,-1,431,2022-11-26,2022-11-26
432,432,-1,-1,432,2022-11-26,2022-11-26
433,433,-1,-1,433,2022-11-26,2022-11-26
434,434,-1,-1,434,2022-11-26,2022-11-26
435,435,-1,-1,435,2022-11-26,2022-11-26
436,436,-1,-1,436,2022-11-26,2022-11-26
437,437,-1,-1,437,2022-11-26,2022-11-26
438,438,-1,-1,438,2022-11-26,2022-11-26
439,439,-1,-1,439,2022-11-26,2022-11-26
440,440,-1,-1,440,2022-11-26,2022-11-26
441,441,-1,-1,441,2022-11-26,2022-11-26
442,442,-1,-1,442,2022-11-26,2022-11-26
443,443,-1,-1,443,2022-11-26,2022-11-26
444,444,-1,-1,444,2022-11-26,2022-11-26
445,445,-1,-1,445,2022-11-26,2022-11-26
446,446,-1,-1,446,2022-11-26,2022-11-26
447,447,-1,-1,447,2022-11-26,2022-11-26
448,448,-1,-1,448,2022-11-26,2022-11-26
449,449,-1,-1,449,2022-11-26,2022-11-26
450,450,-1,-1,450,2022-11-26,2022-11-26
451,451,-1,-1,451,2022-11-26,2022-11-26
452,452,-1,-1,452,2022-11-26,2022-11-26
453,453,-1,-1,453,2022-11-26,2022-11-26
454,454,-1,-1,454,2022-11-26,2022-11-26
455,455,-1,-1,455,2022-11-26,2022-11-26
456,456,-1,-1,456,2022-11-26,2022-11-26
457,457,-1,-1,457,2022-11-26,2022-11-26
458,458,-1,-1,458,2022-11-26,2022-11-26
459,459,-1,-1,459,2022-11-26,2022-11-26
460,460,-1,-1,460,2022-11-26,2022-11-26
461,461,-1,-1,461,2022-11-26,2022-11-26
462,462,-1,-1,462,2022-11-26,2022-11-26
463,463,-1,-1,463,2022-11-26,2022-11-26
464,464,-1,-1,464,2022-11-26,2022-11-26
465,465,-1,-1,465,2022-11-26,2022-11-26
466,466,-1,-1,466,2022-11-26,2022-11-26
467,467,-1,-1,467,2022-11-26,2022-11-26
468,468,-1,-1,468,2022-11-26,2022-11-26
469,469,-1,-1,469,2022-11-26,2022-11-26
470,470,-1,-1,470,2022-11-26,2022-11-26
471,471,-1,-1,471,2022-11-26,2022-11-26
472,472,-1,-1,472,2022-11-26,2022-11-26
473,473,-1,-1,473,2022-11-26,2022-11-26
474,474,-1,-1,474,2022-11-26,2022-11-26
475,475,-1,-1,475,2022-11-26,2022-11-26
476,476,-1,-1,476,2022-11-26,2022-11-26
477,477,-1,-1,477,2022-11-26,2022-11-26
478,478,-1,-1,478,2022-11-26,2022-11-26
479,479,-1,-1,479,2022-11-26,2022-11-26
480,480,-1,-1,480,2022-11-26,2022-11-26
481,481,-1,-1,481,2022-11-26,2022-11-26
482,482,-1,-1,482,2022-11-26,2022-11-26
483,483,-1,-1,483,2022-11-26,2022-11-26
484,484,-1,-1,484,2022-11-26,2022-11-26
485,485,-1,-1,485,2022-11-26,2022-11-26
486,486,-1,-1,486,2022-11-26,2022-11-26
487,487,-1,-1,487,2022-11-26,2022-11-26
488,488,-1,-1,488,2022-11-26,2022-11-26
489,489,-1,-1,489,2022-11-26,2022-11-26
490,490,-1,-1,490,2022-11-26,2022-11-26
491,491,-1,-1,491,2022-11-26,2022-11-26
492,492,-1,-1,492,2022-11-26,2022-11-26
493,493,-1,-1,493,2022-11-26,2022-11-26
494,494,-1,-1,494,2022-11-26,2022-11-26
495,495,-1,-1,495,2022-11-26,2022-11-26
496,496,-1,-1,496,2022-11-26,2022-11-26
497,497,-1,-1,497,2022-11-26,2022-11-26
498,498,-1,-1,498,2022-11-26,2022-11-26
499,499,-1,-1,499,2022-11-26,2022-11-26
500,500,-1,-1,500,2022-11-26,2022-11-26
501,501,6,-1,-1,2022-11-26,2022-11-26
502,502,6,-1,-1,2022-11-26,2022-11-26
503,503,6,-1,-1,2022-11-26,2022-11-26
504,504,6,-1,-1,2022-11-26,2022-11-26
505,505,6,-1,-1,2022-11-26,2022-11-26
506,506,6,-1,-1,2022-11-26,2022-11-26
507,507,6,-1,-1,2022-11-26,2022-11-26
508,508,6,-1,-1,2022-11-26,2022-11-26
509,509,6,-1,-1,2022-11-26,2022-11-26
510,510,6,-1,-1,2022-11-26,2022-11-26
511,511,6,-1,-1,2022-11-26,2022-11-26
512,512,6,-1,-1,2022-11-26,2022-11-26
513,513,6,-1,-1,2022-11-26,2022-11-26
514,514,6,-1,-1,2022-11-26,2022-11-26
515,515,6,-1,-1,2022-11-26,2022-11-26
516,516,6,-1,-1,2022-11-26,2022-11-26
517,517,6,-1,-1,2022-11-26,2022-11-26
518,518,6,-1,-1,2022-11-26,2022-11-26
519,519,6,-1,-1,2022-11-26,2022-11-26
520,520,6,-1,-1,2022-11-26,2022-11-26
521,521,6,-1,-1,2022-11-26,2022-11-26
522,522,6,-1,-1,2022-11-26,2022-11-26
523,523,6,-1,-1,2022-11-26,2022-11-26
524,524,6,-1,-1,2022-11-26,2022-11-26
525,525,6,-1,-1,2022-11-26,2022-11-26
526,526,6,-1,-1,2022-11-26,2022-11-26
527,527,6,-1,-1,2022-11-26,2022-11-26
528,528,6,-1,-1,2022-11-26,2022-11-26
529,529,6,-1,-1,2022-11-26,2022-11-26
530,530,6,-1,-1,2022-11-26,2022-11-26
531,531,6,-1,-1,2022-11-26,2022-11-26
532,532,6,-1,-1,2022-11-26,2022-11-26
533,533,6,-1,-1,2022-11-26,2022-11-26
534,534,6,-1,-1,2022-11-26,2022-11-26
535,535,6,-1,-1,2022-11-26,2022-11-26
536,536,6,-1,-1,2022-11-26,2022-11-26
537,537,6,-1,-1,2022-11-26,2022-11-26
538,538,6,-1,-1,2022-11-26,2022-11-26
539,539,6,-1,-1,2022-11-26,2022-11-26
540,540,6,-1,-1,2022-11-26,2022-11-26
541,541,6,-1,-1,2022-11-26,2022-11-26
542,542,6,-1,-1,2022-11-26,2022-11-26
543,543,6,-1,-1,2022-11-26,2022-11-26
544,544,6,-1,-1,2022-11-26,2022-11-26
545,545,6,-1,-1,2022-11-26,2022-11-26
546,546,6,-1,-1,2022-11-26,2022-11-26
547,547,6,-1,-1,2022-11-26,2022-11-26
548,548,6,-1,-1,2022-11-26,2022-11-26
549,549,6,-1,-1,2022-11-26,2022-11-26
550,550,6,-1,-1,2022-11-26,2022-11-26
551,551,6,-1,-1,2022-11-26,2022-11-26
552,552,6,-1,-1,2022-11-26,2022-11-26
553,553,6,-1,-1,2022-11-26,2022-11-26
554,554,6,-1,-1,2022-11-26,2022-11-26
555,555,6,-1,-1,2022-11-26,2022-11-26
556,556,6,-1,-1,2022-11-26,2022-11-26
557,557,6,-1,-1,2022-11-26,2022-11-26
558,558,6,-1,-1,2022-11-26,2022-11-26
559,559,6,-1,-1,2022-11-26,2022-11-26
560,560,6,-1,-1,2022-11-26,2022-11-26
561,561,6,-1,-1,2022-11-26,2022-11-26
562,562,6,-1,-1,2022-11-26,2022-11-26
563,563,6,-1,-1,2022-11-26,2022-11-26
564,564,6,-1,-1,2022-11-26,2022-11-26
565,565,6,-1,-1,2022-11-26,2022-11-26
566,566,6,-1,-1,2022-11-26,2022-11-26
567,567,6,-1,-1,2022-11-26,2022-11-26
568,568,6,-1,-1,2022-11-26,2022-11-26
569,569,6,-1,-1,2022-11-26,2022-11-26
570,570,6,-1,-1,2022-11-26,2022-11-26
571,571,6,-1,-1,2022-11-26,2022-11-26
572,572,6,-1,-1,2022-11-26,2022-11-26
573,573,6,-1,-1,2022-11-26,2022-11-26
574,574,6,-1,-1,2022-11-26,2022-11-26
575,575,6,-1,-1,2022-11-26,2022-11-26
576,576,6,-1,-1,2022-11-26,2022-11-26
577,577,6,-1,-1,2022-11-26,2022-11-26
578,578,6,-1,-1,2022-11-26,2022-11-26
579,579,6,-1,-1,2022-11-26,2022-11-26
580,580,6,-1,-1,2022-11-26,2022-11-26
581,581,6,-1,-1,2022-11-26,2022-11-26
582,582,6,-1,-1,2022-11-26,2022-11-26
583,583,6,-1,-1,2022-11-26,2022-11-26
584,584,6,-1,-1,2022-11-26,2022-11-26
585,585,6,-1,-1,2022-11-26,2022-11-26
586,586,6,-1,-1,2022-11-26,2022-11-26
587,587,6,-1,-1,2022-11-26,2022-11-26
588,588,6,-1,-1,2022-11-26,2022-11-26
589,589,6,-1,-1,2022-11-26,2022-11-26
590,590,6,-1,-1,2022-11-26,2022-11-26
591,591,6,-1,-1,2022-11-26,2022-11-26
592,592,6,-1,-1,2022-11-26,2022-11-26
593,593,6,-1,-1,2022-11-26,2022-11-26
594,594,6,-1,-1,2022-11-26,2022-11-26
595,595,6,-1,-1,2022-11-26,2022-11-26
596,596,6,-1,-1,2022-11-26,2022-11-26
597,597,6,-1,-1,2022-11-26,2022-11-26
598,598,6,-1,-1,2022-11-26,2022-11-26
599,599,6,-1,-1,2022-11-26,2022-11-26
600,600,6,-1,-1,2022-11-26,2022-11-26
601,601,6,-1,-1,2022-11-26,2022-11-26
602,602,6,-1,-1,2022-11-26,2022-11-26
603,603,6,-1,-1,2022-11-26,2022-11-26
604,604,6,-1,-1,2022-11-26,2022-11-26
605,605,6,-1,-1,2022-11-26,2022-11-26
606,606,6,-1,-1,2022-11-26,2022-11-26
607,607,6,-1,-1,2022-11-26,2022-11-26
608,608,6,-1,-1,2022-11-26,2022-11-26
609,609,7,-1,-1,2022-11-26,2022-11-26
610,610,7,-1,-1,2022-11-26,2022-11-26
611,611,7,-1,-1,2022-11-26,2022-11-26
612,612,7,-1,-1,2022-11-26,2022-11-26
613,613,7,-1,-1,2022-11-26,2022-11-26
614,614,7,-1,-1,2022-11-26,2022-11-26
615,615,7,-1,-1,2022-11-26,2022-11-26
616,616,7,-1,-1,2022-11-26,2022-11-26
617,617,7,-1,-1,2022-11-26,2022-11-26
618,618,7,-1,-1,2022-11-26,2022-11-26
619,619,7,-1,-1,2022-11-26,2022-11-26
620,620,7,-1,-1,2022-11-26,2022-11-26
621,621,7,-1,-1,2022-11-26,2022-11-26
622,622,7,-1,-1,2022-11-26,2022-11-26
623,623,7,-1,-1,2022-11-26,2022-11-26
624,624,7,-1,-1,2022-11-26,2022-11-26
625,625,7,-1,-1,2022-11-26,2022-11-26
626,626,7,-1,-1,2022-11-26,2022-11-26
627,627,7,-1,-1,2022-11-26,2022-11-26
628,628,7,-1,-1,2022-11-26,2022-11-26
629,629,7,-1,-1,2022-11-26,2022-11-26
630,630,7,-1,-1,2022-11-26,2022-11-26
631,631,7,-1,-1,2022-11-26,2022-11-26
632,632,7,-1,-1,2022-11-26,2022-11-26
633,633,7,-1,-1,2022-11-26,2022-11-26
634,634,7,-1,-1,2022-11-26,2022-11-26
635,635,7,-1,-1,2022-11-26,2022-11-26
636,636,7,-1,-1,2022-11-26,2022-11-26
637,637,7,-1,-1,2022-11-26,2022-11-26
638,638,7,-1,-1,2022-11-26,2022-11-26
639,639,7,-1,-1,2022-11-26,2022-11-26
640,640,7,-1,-1,2022-11-26,2022-11-26
641,641,7,-1,-1,2022-11-26,2022-11-26
642,642,7,-1,-1,2022-11-26,2022-11-26
643,643,7,-1,-1,2022-11-26,2022-11-26
644,644,7,-1,-1,2022-11-26,2022-11-26
645,645,7,-1,-1,2022-11-26,2022-11-26
646,646,7,-1,-1,2022-11-26,2022-11-26
647,647,7,-1,-1,2022-11-26,2022-11-26
648,648,7,-1,-1,2022-11-26,2022-11-26
649,649,7,-1,-1,2022-11-26,2022-11-26
650,650,7,-1,-1,2022-11-26,2022-11-26
651,651,7,-1,-1,2022-11-26,2022-11-26
652,652,7,-1,-1,2022-11-26,2022-11-26
653,653,7,-1,-1,2022-11-26,2022-11-26
654,654,7,-1,-1,2022-11-26,2022-11-26
655,655,7,-1,-1,2022-11-26,2022-11-26
656,656,7,-1,-1,2022-11-26,2022-11-26
657,657,7,-1,-1,2022-11-26,2022-11-26
658,658,7,-1,-1,2022-11-26,2022-11-26
659,659,7,-1,-1,2022-11-26,2022-11-26
660,660,7,-1,-1,2022-11-26,2022-11-26
661,661,7,-1,-1,2022-11-26,2022-11-26
662,662,7,-1,-1,2022-11-26,2022-11-26
663,663,7,-1,-1,2022-11-26,2022-11-26
664,664,7,-1,-1,2022-11-26,2022-11-26
665,665,7,-1,-1,2022-11-26,2022-11-26
666,666,7,-1,-1,2022-11-26,2022-11-26
667,667,7,-1,-1,2022-11-26,2022-11-26
668,668,7,-1,-1,2022-11-26,2022-11-26
669,669,7,-1,-1,2022-11-26,2022-11-26
670,670,7,-1,-1,2022-11-26,2022-11-26
671,671,7,-1,-1,2022-11-26,2022-11-26
672,672,7,-1,-1,2022-11-26,2022-11-26
673,673,7,-1,-1,2022-11-26,2022-11-26
674,674,7,-1,-1,2022-11-26,2022-11-26
675,675,7,-1,-1,2022-11-26,2022-11-26
676,676,7,-1,-1,2022-11-26,2022-11-26
677,677,7,-1,-1,2022-11-26,2022-11-26
678,678,7,-1,-1,2022-11-26,2022-11-26
679,679,7,-1,-1,2022-11-26,2022-11-26
680,680,7,-1,-1,2022-11-26,2022-11-26
681,681,7,-1,-1,2022-11-26,2022-11-26
682,682,7,-1,-1,2022-11-26,2022-11-26
683,683,7,-1,-1,2022-11-26,2022-11-26
684,684,7,-1,-1,2022-11-26,2022-11-26
685,685,7,-1,-1,2022-11-26,2022-11-26
686,686,7,-1,-1,2022-11-26,2022-11-26
687,687,7,-1,-1,2022-11-26,2022-11-26
688,688,7,-1,-1,2022-11-26,2022-11-26
689,689,7,-1,-1,2022-11-26,2022-11-26
690,690,7,-1,-1,2022-11-26,2022-11-26
691,691,7,-1,-1,2022-11-26,2022-11-26
692,692,7,-1,-1,2022-11-26,2022-11-26
693,693,7,-1,-1,2022-11-26,2022-11-26
694,694,7,-1,-1,2022-11-26,2022-11-26
695,695,7,-1,-1,2022-11-26,2022-11-26
696,696,7,-1,-1,2022-11-26,2022-11-26
697,697,7,-1,-1,2022-11-26,2022-11-26
698,698,7,-1,-1,2022-11-26,2022-11-26
699,699,7,-1,-1,2022-11-26,2022-11-26
700,700,7,-1,-1,2022-11-26,2022-11-26
701,701,7,-1,-1,2022-11-26,2022-11-26
702,702,7,-1,-1,2022-11-26,2022-11-26
703,703,7,-1,-1,2022-11-26,2022-11-26
704,704,7,-1,-1,2022-11-26,2022-11-26
705,705,7,-1,-1,2022-11-26,2022-11-26
706,706,7,-1,-1,2022-11-26,2022-11-26
707,707,7,-1,-1,2022-11-26,2022-11-26
708,708,7,-1,-1,2022-11-26,2022-11-26
709,709,7,-1,-1,2022-11-26,2022-11-26
710,710,7,-1,-1,2022-11-26,2022-11-26
711,711,7,-1,-1,2022-11-26,2022-11-26
712,712,7,-1,-1,2022-11-26,2022-11-26
713,713,7,-1,-1,2022-11-26,2022-11-26
714,714,7,-1,-1,2022-11-26,2022-11-26
715,715,7,-1,-1,2022-11-26,2022-11-26
716,716,7,-1,-1,2022-11-26,2022-11-26
717,717,7,-1,-1,2022-11-26,2022-11-26
718,718,7,-1,-1,2022-11-26,2022-11-26
719,719,7,-1,-1,2022-11-26,2022-11-26
720,720,7,-1,-1,2022-11-26,2022-11-26
721,721,7,-1,-1,2022-11-26,2022-11-26
722,722,7,-1,-1,2022-11-26,2022-11-26
723,723,7,-1,-1,2022-11-26,2022-11-26
724,724,7,-1,-1,2022-11-26,2022-11-26
725,725,7,-1,-1,2022-11-26,2022-11-26
726,726,7,-1,-1,2022-11-26,2022-11-26
727,727,7,-1,-1,2022-11-26,2022-11-26
728,728,7,-1,-1,2022-11-26,2022-11-26
729,729,7,-1,-1,2022-11-26,2022-11-26
730,730,7,-1,-1,2022-11-26,2022-11-26
731,731,7,-1,-1,2022-11-26,2022-11-26
732,732,7,-1,-1,2022-11-26,2022-11-26
733,733,7,-1,-1,2022-11-26,2022-11-26
734,734,7,-1,-1,2022-11-26,2022-11-26
735,735,7,-1,-1,2022-11-26,2022-11-26
736,736,7,-1,-1,2022-11-26,2022-11-26
737,737,7,-1,-1,2022-11-26,2022-11-26
738,738,7,-1,-1,2022-11-26,2022-11-26
739,739,7,-1,-1,2022-11-26,2022-11-26
740,740,7,-1,-1,2022-11-26,2022-11-26
741,741,7,-1,-1,2022-11-26,2022-11-26
742,742,7,-1,-1,2022-11-26,2022-11-26
743,743,7,-1,-1,2022-11-26,2022-11-26
744,744,7,-1,-1,2022-11-26,2022-11-26
745,745,7,-1,-1,2022-11-26,2022-11-26
746,746,7,-1,-1,2022-11-26,2022-11-26
747,747,7,-1,-1,2022-11-26,2022-11-26
748,748,7,-1,-1,2022-11-26,2022-11-26
749,749,7,-1,-1,2022-11-26,2022-11-26
750,750,7,-1,-1,2022-11-26,2022-11-26
751,751,7,-1,-1,2022-11-26,2022-11-26
752,752,7,-1,-1,2022-11-26,2022-11-26
753,753,7,-1,-1,2022-11-26,2022-11-26
754,754,7,-1,-1,2022-11-26,2022-11-26
755,755,7,-1,-1,2022-11-26,2022-11-26
756,756,7,-1,-1,2022-11-26,2022-11-26
757,757,7,-1,-1,2022-11-26,2022-11-26
758,758,7,-1,-1,2022-11-26,2022-11-26
759,759,7,-1,-1,2022-11-26,2022-11-26
760,760,7,-1,-1,2022-11-26,2022-11-26
761,761,7,-1,-1,2022-11-26,2022-11-26
762,762,7,-1,-1,2022-11-26,2022-11-26
763,763,7,-1,-1,2022-11-26,2022-11-26
764,764,7,-1,-1,2022-11-26,2022-11-26
765,765,7,-1,-1,2022-11-26,2022-11-26
766,766,7,-1,-1,2022-11-26,2022-11-26
767,767,7,-1,-1,2022-11-26,2022-11-26
768,768,7,-1,-1,2022-11-26,2022-11-26
769,769,7,-1,-1,2022-11-26,2022-11-26
770,770,7,-1,-1,2022-11-26,2022-11-26
771,771,7,-1,-1,2022-11-26,2022-11-26
772,772,7,-1,-1,2022-11-26,2022-11-26
773,773,7,-1,-1,2022-11-26,2022-11-26
774,774,7,-1,-1,2022-11-26,2022-11-26
775,775,7,-1,-1,2022-11-26,2022-11-26
776,776,7,-1,-1,2022-11-26,2022-11-26
777,777,7,-1,-1,2022-11-26,2022-11-26
778,778,7,-1,-1,2022-11-26,2022-11-26
779,779,7,-1,-1,2022-11-26,2022-11-26
780,780,7,-1,-1,2022-11-26,2022-11-26
781,781,7,-1,-1,2022-11-26,2022-11-26
782,782,7,-1,-1,2022-11-26,2022-11-26
783,783,7,-1,-1,2022-11-26,2022-11-26
784,784,7,-1,-1,2022-11-26,2022-11-26
785,785,7,-1,-1,2022-11-26,2022-11-26
786,786,7,-1,-1,2022-11-26,2022-11-26
787,787,7,-1,-1,2022-11-26,2022-11-26
788,788,7,-1,-1,2022-11-26,2022-11-26
789,789,8,-1,-1,2022-11-26,2022-11-26
790,790,8,-1,-1,2022-11-26,2022-11-26
791,791,8,-1,-1,2022-11-26,2022-11-26
792,792,8,-1,-1,2022-11-26,2022-11-26
793,793,8,-1,-1,2022-11-26,2022-11-26
794,794,8,-1,-1,2022-11-26,2022-11-26
795,795,8,-1,-1,2022-11-26,2022-11-26
796,796,8,-1,-1,2022-11-26,2022-11-26
797,797,8,-1,-1,2022-11-26,2022-11-26
798,798,8,-1,-1,2022-11-26,2022-11-26
799,799,8,-1,-1,2022-11-26,2022-11-26
800,800,8,-1,-1,2022-11-26,2022-11-26
801,801,8,-1,-1,2022-11-26,2022-11-26
802,802,8,-1,-1,2022-11-26,2022-11-26
803,803,8,-1,-1,2022-11-26,2022-11-26
804,804,8,-1,-1,2022-11-26,2022-11-26
805,805,8,-1,-1,2022-11-26,2022-11-26
806,806,8,-1,-1,2022-11-26,2022-11-26
807,807,8,-1,-1,2022-11-26,2022-11-26
808,808,8,-1,-1,2022-11-26,2022-11-26
809,809,8,-1,-1,2022-11-26,2022-11-26
810,810,8,-1,-1,2022-11-26,2022-11-26
811,811,8,-1,-1,2022-11-26,2022-11-26
812,812,8,-1,-1,2022-11-26,2022-11-26
813,813,8,-1,-1,2022-11-26,2022-11-26
814,814,8,-1,-1,2022-11-26,2022-11-26
815,815,8,-1,-1,2022-11-26,2022-11-26
816,816,8,-1,-1,2022-11-26,2022-11-26
817,817,8,-1,-1,2022-11-26,2022-11-26
818,818,8,-1,-1,2022-11-26,2022-11-26
819,819,8,-1,-1,2022-11-26,2022-11-26
820,820,8,-1,-1,2022-11-26,2022-11-26
821,821,8,-1,-1,2022-11-26,2022-11-26
822,822,8,-1,-1,2022-11-26,2022-11-26
823,823,8,-1,-1,2022-11-26,2022-11-26
824,824,8,-1,-1,2022-11-26,2022-11-26
825,825,9,-1,-1,2022-11-26,2022-11-26
826,826,9,-1,-1,2022-11-26,2022-11-26
827,827,9,-1,-1,2022-11-26,2022-11-26
828,828,9,-1,-1,2022-11-26,2022-11-26
829,829,9,-1,-1,2022-11-26,2022-11-26
830,830,9,-1,-1,2022-11-26,2022-11-26
831,831,9,-1,-1,2022-11-26,2022-11-26
832,832,9,-1,-1,2022-11-26,2022-11-26
833,833,9,-1,-1,2022-11-26,2022-11-26
834,834,9,-1,-1,2022-11-26,2022-11-26
835,835,9,-1,-1,2022-11-26,2022-11-26
836,836,9,-1,-1,2022-11-26,2022-11-26
837,837,9,-1,-1,2022-11-26,2022-11-26
838,838,9,-1,-1,2022-11-26,2022-11-26
839,839,9,-1,-1,2022-11-26,2022-11-26
840,840,9,-1,-1,2022-11-26,2022-11-26
841,841,9,-1,-1,2022-11-26,2022-11-26
842,842,9,-1,-1,2022-11-26,2022-11-26
843,843,9,-1,-1,2022-11-26,2022-11-26
844,844,9,-1,-1,2022-11-26,2022-11-26
845,845,9,-1,-1,2022-11-26,2022-11-26
846,846,9,-1,-1,2022-11-26,2022-11-26
847,847,9,-1,-1,2022-11-26,2022-11-26
848,848,9,-1,-1,2022-11-26,2022-11-26
849,849,9,-1,-1,2022-11-26,2022-11-26
850,850,9,-1,-1,2022-11-26,2022-11-26
851,851,9,-1,-1,2022-11-26,2022-11-26
852,852,9,-1,-1,2022-11-26,2022-11-26
853,853,9,-1,-1,2022-11-26,2022-11-26
854,854,9,-1,-1,2022-11-26,2022-11-26
855,855,9,-1,-1,2022-11-26,2022-11-26
856,856,9,-1,-1,2022-11-26,2022-11-26
857,857,9,-1,-1,2022-11-26,2022-11-26
858,858,9,-1,-1,2022-11-26,2022-11-26
859,859,9,-1,-1,2022-11-26,2022-11-26
860,860,9,-1,-1,2022-11-26,2022-11-26
861,861,9,-1,-1,2022-11-26,2022-11-26
862,862,9,-1,-1,2022-11-26,2022-11-26
863,863,9,-1,-1,2022-11-26,2022-11-26
864,864,9,-1,-1,2022-11-26,2022-11-26
865,865,9,-1,-1,2022-11-26,2022-11-26
866,866,9,-1,-1,2022-11-26,2022-11-26
867,867,9,-1,-1,2022-11-26,2022-11-26
868,868,9,-1,-1,2022-11-26,2022-11-26
869,869,9,-1,-1,2022-11-26,2022-11-26
870,870,9,-1,-1,2022-11-26,2022-11-26
871,871,9,-1,-1,2022-11-26,2022-11-26
872,872,9,-1,-1,2022-11-26,2022-11-26
873,873,9,-1,-1,2022-11-26,2022-11-26
874,874,9,-1,-1,2022-11-26,2022-11-26
875,875,9,-1,-1,2022-11-26,2022-11-26
876,876,9,-1,-1,2022-11-26,2022-11-26
877,877,9,-1,-1,2022-11-26,2022-11-26
878,878,9,-1,-1,2022-11-26,2022-11-26
879,879,9,-1,-1,2022-11-26,2022-11-26
880,880,9,-1,-1,2022-11-26,2022-11-26
881,881,9,-1,-1,2022-11-26,2022-11-26
882,882,9,-1,-1,2022-11-26,2022-11-26
883,883,9,-1,-1,2022-11-26,2022-11-26
884,884,9,-1,-1,2022-11-26,2022-11-26
885,885,9,-1,-1,2022-11-26,2022-11-26
886,886,9,-1,-1,2022-11-26,2022-11-26
887,887,9,-1,-1,2022-11-26,2022-11-26
888,888,9,-1,-1,2022-11-26,2022-11-26
889,889,9,-1,-1,2022-11-26,2022-11-26
890,890,9,-1,-1,2022-11-26,2022-11-26
891,891,9,-1,-1,2022-11-26,2022-11-26
892,892,9,-1,-1,2022-11-26,2022-11-26
893,893,9,-1,-1,2022-11-26,2022-11-26
894,894,9,-1,-1,2022-11-26,2022-11-26
895,895,9,-1,-1,2022-11-26,2022-11-26
896,896,9,-1,-1,2022-11-26,2022-11-26
897,897,9,-1,-1,2022-11-26,2022-11-26
898,898,9,-1,-1,2022-11-26,2022-11-26
899,899,9,-1,-1,2022-11-26,2022-11-26
900,900,9,-1,-1,2022-11-26,2022-11-26
901,901,9,-1,-1,2022-11-26,2022-11-26
902,902,9,-1,-1,2022-11-26,2022-11-26
903,903,9,-1,-1,2022-11-26,2022-11-26
904,904,9,-1,-1,2022-11-26,2022-11-26
905,905,9,-1,-1,2022-11-26,2022-11-26
906,906,9,-1,-1,2022-11-26,2022-11-26
907,907,9,-1,-1,2022-11-26,2022-11-26
908,908,9,-1,-1,2022-11-26,2022-11-26
909,909,9,-1,-1,2022-11-26,2022-11-26
910,910,9,-1,-1,2022-11-26,2022-11-26
911,911,9,-1,-1,2022-11-26,2022-11-26
912,912,9,-1,-1,2022-11-26,2022-11-26
913,913,9,-1,-1,2022-11-26,2022-11-26
914,914,9,-1,-1,2022-11-26,2022-11-26
915,915,9,-1,-1,2022-11-26,2022-11-26
916,916,9,-1,-1,2022-11-26,2022-11-26
917,917,9,-1,-1,2022-11-26,2022-11-26
918,918,9,-1,-1,2022-11-26,2022-11-26
919,919,9,-1,-1,2022-11-26,2022-11-26
920,920,9,-1,-1,2022-11-26,2022-11-26
921,921,9,-1,-1,2022-11-26,2022-11-26
922,922,9,-1,-1,2022-11-26,2022-11-26
923,923,9,-1,-1,2022-11-26,2022-11-26
924,924,9,-1,-1,2022-11-26,2022-11-26
925,925,9,-1,-1,2022-11-26,2022-11-26
926,926,9,-1,-1,2022-11-26,2022-11-26
927,927,9,-1,-1,2022-11-26,2022-11-26
928,928,9,-1,-1,2022-11-26,2022-11-26
929,929,9,-1,-1,2022-11-26,2022-11-26
930,930,9,-1,-1,2022-11-26,2022-11-26
931,931,9,-1,-1,2022-11-26,2022-11-26
932,932,9,-1,-1,2022-11-26,2022-11-26
933,933,9,-1,-1,2022-11-26,2022-11-26
934,934,9,-1,-1,2022-11-26,2022-11-26
935,935,9,-1,-1,2022-11-26,2022-11-26
936,936,9,-1,-1,2022-11-26,2022-11-26
937,937,9,-1,-1,2022-11-26,2022-11-26
938,938,9,-1,-1,2022-11-26,2022-11-26
939,939,9,-1,-1,2022-11-26,2022-11-26
940,940,9,-1,-1,2022-11-26,2022-11-26
941,941,9,-1,-1,2022-11-26,2022-11-26
942,942,9,-1,-1,2022-11-26,2022-11-26
943,943,9,-1,-1,2022-11-26,2022-11-26
944,944,9,-1,-1,2022-11-26,2022-11-26
945,945,9,-1,-1,2022-11-26,2022-11-26
946,946,9,-1,-1,2022-11-26,2022-11-26
947,947,9,-1,-1,2022-11-26,2022-11-26
948,948,9,-1,-1,2022-11-26,2022-11-26
949,949,9,-1,-1,2022-11-26,2022-11-26
950,950,9,-1,-1,2022-11-26,2022-11-26
951,951,9,-1,-1,2022-11-26,2022-11-26
952,952,9,-1,-1,2022-11-26,2022-11-26
953,953,9,-1,-1,2022-11-26,2022-11-26
954,954,10,-1,-1,2022-11-26,2022-11-26
955,955,10,-1,-1,2022-11-26,2022-11-26
956,956,10,-1,-1,2022-11-26,2022-11-26
957,957,10,-1,-1,2022-11-26,2022-11-26
958,958,10,-1,-1,2022-11-26,2022-11-26
959,959,10,-1,-1,2022-11-26,2022-11-26
960,960,10,-1,-1,2022-11-26,2022-11-26
961,961,10,-1,-1,2022-11-26,2022-11-26
962,962,10,-1,-1,2022-11-26,2022-11-26
963,963,10,-1,-1,2022-11-26,2022-11-26
964,964,10,-1,-1,2022-11-26,2022-11-26
965,965,10,-1,-1,2022-11-26,2022-11-26
966,966,10,-1,-1,2022-11-26,2022-11-26
967,967,10,-1,-1,2022-11-26,2022-11-26
968,968,10,-1,-1,2022-11-26,2022-11-26
969,969,10,-1,-1,2022-11-26,2022-11-26
970,970,10,-1,-1,2022-11-26,2022-11-26
971,971,10,-1,-1,2022-11-26,2022-11-26
972,972,10,-1,-1,2022-11-26,2022-11-26
973,973,10,-1,-1,2022-11-26,2022-11-26
974,974,10,-1,-1,2022-11-26,2022-11-26
975,975,10,-1,-1,2022-11-26,2022-11-26
976,976,10,-1,-1,2022-11-26,2022-11-26
977,977,10,-1,-1,2022-11-26,2022-11-26
978,978,10,-1,-1,2022-11-26,2022-11-26
979,979,10,-1,-1,2022-11-26,2022-11-26
980,980,10,-1,-1,2022-11-26,2022-11-26
981,981,10,-1,-1,2022-11-26,2022-11-26
982,982,10,-1,-1,2022-11-26,2022-11-26
983,983,10,-1,-1,2022-11-26,2022-11-26
984,984,10,-1,-1,2022-11-26,2022-11-26
985,985,10,-1,-1,2022-11-26,2022-11-26
986,986,10,-1,-1,2022-11-26,2022-11-26
987,987,10,-1,-1,2022-11-26,2022-11-26
988,988,10,-1,-1,2022-11-26,2022-11-26
989,989,10,-1,-1,2022-11-26,2022-11-26
990,990,10,-1,-1,2022-11-26,2022-11-26
991,991,10,-1,-1,2022-11-26,2022-11-26
992,992,10,-1,-1,2022-11-26,2022-11-26
993,993,10,-1,-1,2022-11-26,2022-11-26
994,994,10,-1,-1,2022-11-26,2022-11-26
995,995,10,-1,-1,2022-11-26,2022-11-26
996,996,10,-1,-1,2022-11-26,2022-11-26
997,997,10,-1,-1,2022-11-26,2022-11-26
998,998,10,-1,-1,2022-11-26,2022-11-26
999,999,10,-1,-1,2022-11-26,2022-11-26
1000,1000,10,-1,-1,2022-11-26,2022-11-26
1001,1001,10,-1,-1,2022-11-26,2022-11-26
1002,1002,10,-1,-1,2022-11-26,2022-11-26
1003,1003,10,-1,-1,2022-11-26,2022-11-26
1004,1004,10,-1,-1,2022-11-26,2022-11-26
1005,1005,10,-1,-1,2022-11-26,2022-11-26
1006,1006,10,-1,-1,2022-11-26,2022-11-26
1007,1007,10,-1,-1,2022-11-26,2022-11-26
1008,1008,10,-1,-1,2022-11-26,2022-11-26
1009,1009,10,-1,-1,2022-11-26,2022-11-26
1010,1010,10,-1,-1,2022-11-26,2022-11-26
1011,1011,10,-1,-1,2022-11-26,2022-11-26
1012,1012,10,-1,-1,2022-11-26,2022-11-26
1013,1013,10,-1,-1,2022-11-26,2022-11-26
1014,1014,10,-1,-1,2022-11-26,2022-11-26
1015,1015,10,-1,-1,2022-11-26,2022-11-26
1016,1016,10,-1,-1,2022-11-26,2022-11-26
1017,1017,10,-1,-1,2022-11-26,2022-11-26
1018,1018,10,-1,-1,2022-11-26,2022-11-26
1019,1019,10,-1,-1,2022-11-26,2022-11-26
1020,1020,10,-1,-1,2022-11-26,2022-11-26
1021,1021,10,-1,-1,2022-11-26,2022-11-26
1022,1022,10,-1,-1,2022-11-26,2022-11-26
1023,1023,10,-1,-1,2022-11-26,2022-11-26
1024,1024,10,-1,-1,2022-11-26,2022-11-26
1025,1025,10,-1,-1,2022-11-26,2022-11-26
1026,1026,10,-1,-1,2022-11-26,2022-11-26
1027,1027,10,-1,-1,2022-11-26,2022-11-26
1028,1028,10,-1,-1,2022-11-26,2022-11-26
1029,1029,10,-1,-1,2022-11-26,2022-11-26
1030,1030,10,-1,-1,2022-11-26,2022-11-26
1031,1031,10,-1,-1,2022-11-26,2022-11-26
1032,1032,10,-1,-1,2022-11-26,2022-11-26
1033,1033,10,-1,-1,2022-11-26,2022-11-26
1034,1034,10,-1,-1,2022-11-26,2022-11-26
1035,1035,10,-1,-1,2022-11-26,2022-11-26
1036,1036,10,-1,-1,2022-11-26,2022-11-26
1037,1037,10,-1,-1,2022-11-26,2022-11-26
1038,1038,10,-1,-1,2022-11-26,2022-11-26
1039,1039,10,-1,-1,2022-11-26,2022-11-26
1040,1040,10,-1,-1,2022-11-26,2022-11-26
1041,1041,10,-1,-1,2022-11-26,2022-11-26
1042,1042,10,-1,-1,2022-11-26,2022-11-26
1043,1043,10,-1,-1,2022-11-26,2022-11-26
1044,1044,10,-1,-1,2022-11-26,2022-11-26
1045,1045,10,-1,-1,2022-11-26,2022-11-26
1046,1046,10,-1,-1,2022-11-26,2022-11-26
1047,1047,10,-1,-1,2022-11-26,2022-11-26
1048,1048,10,-1,-1,2022-11-26,2022-11-26
1049,1049,10,-1,-1,2022-11-26,2022-11-26
1050,1050,10,-1,-1,2022-11-26,2022-11-26
1051,1051,10,-1,-1,2022-11-26,2022-11-26
1052,1052,10,-1,-1,2022-11-26,2022-11-26
1053,1053,10,-1,-1,2022-11-26,2022-11-26
1054,1054,10,-1,-1,2022-11-26,2022-11-26
1055,1055,10,-1,-1,2022-11-26,2022-11-26
1056,1056,10,-1,-1,2022-11-26,2022-11-26
1057,1057,10,-1,-1,2022-11-26,2022-11-26
1058,1058,10,-1,-1,2022-11-26,2022-11-26
1059,1059,10,-1,-1,2022-11-26,2022-11-26
1060,1060,10,-1,-1,2022-11-26,2022-11-26
1061,1061,10,-1,-1,2022-11-26,2022-11-26
1062,1062,10,-1,-1,2022-11-26,2022-11-26
1063,1063,10,-1,-1,2022-11-26,2022-11-26
1064,1064,10,-1,-1,2022-11-26,2022-11-26
1065,1065,10,-1,-1,2022-11-26,2022-11-26
1066,1066,10,-1,-1,2022-11-26,2022-11-26
1067,1067,10,-1,-1,2022-11-26,2022-11-26
1068,1068,10,-1,-1,2022-11-26,2022-11-26
1069,1069,10,-1,-1,2022-11-26,2022-11-26
1070,1070,10,-1,-1,2022-11-26,2022-11-26
1071,1071,10,-1,-1,2022-11-26,2022-11-26
1072,1072,10,-1,-1,2022-11-26,2022-11-26
1073,1073,10,-1,-1,2022-11-26,2022-11-26
1074,1074,10,-1,-1,2022-11-26,2022-11-26
1075,1075,10,-1,-1,2022-11-26,2022-11-26
1076,1076,10,-1,-1,2022-11-26,2022-11-26
1077,1077,10,-1,-1,2022-11-26,2022-11-26
1078,1078,10,-1,-1,2022-11-26,2022-11-26
1079,1079,10,-1,-1,2022-11-26,2022-11-26
1080,1080,10,-1,-1,2022-11-26,2022-11-26
1081,1081,10,-1,-1,2022-11-26,2022-11-26
1082,1082,10,-1,-1,2022-11-26,2022-11-26
1083,1083,10,-1,-1,2022-11-26,2022-11-26
1084,1084,10,-1,-1,2022-11-26,2022-11-26
1085,1085,10,-1,-1,2022-11-26,2022-11-26
1086,1086,10,-1,-1,2022-11-26,2022-11-26
1087,1087,10,-1,-1,2022-11-26,2022-11-26
1088,1088,10,-1,-1,2022-11-26,2022-11-26
1089,1089,10,-1,-1,2022-11-26,2022-11-26
1090,1090,10,-1,-1,2022-11-26,2022-11-26
1091,1091,10,-1,-1,2022-11-26,2022-11-26
1092,1092,10,-1,-1,2022-11-26,2022-11-26
1093,1093,10,-1,-1,2022-11-26,2022-11-26
1094,1094,10,-1,-1,2022-11-26,2022-11-26
1095,1095,10,-1,-1,2022-11-26,2022-11-26
1096,1096,10,-1,-1,2022-11-26,2022-11-26
1097,1097,10,-1,-1,2022-11-26,2022-11-26
1098,1098,10,-1,-1,2022-11-26,2022-11-26
1099,1099,10,-1,-1,2022-11-26,2022-11-26
1100,1100,10,-1,-1,2022-11-26,2022-11-26
1101,1101,10,-1,-1,2022-11-26,2022-11-26
1102,1102,10,-1,-1,2022-11-26,2022-11-26
1103,1103,10,-1,-1,2022-11-26,2022-11-26
1104,1104,10,-1,-1,2022-11-26,2022-11-26
1105,1105,10,-1,-1,2022-11-26,2022-11-26
1106,1106,10,-1,-1,2022-11-26,2022-11-26
1107,1107,10,-1,-1,2022-11-26,2022-11-26
1108,1108,10,-1,-1,2022-11-26,2022-11-26
1109,1109,10,-1,-1,2022-11-26,2022-11-26
1110,1110,10,-1,-1,2022-11-26,2022-11-26
1111,1111,10,-1,-1,2022-11-26,2022-11-26
1112,1112,10,-1,-1,2022-11-26,2022-11-26
1113,1113,10,-1,-1,2022-11-26,2022-11-26
1114,1114,10,-1,-1,2022-11-26,2022-11-26
1115,1115,10,-1,-1,2022-11-26,2022-11-26
1116,1116,10,-1,-1,2022-11-26,2022-11-26
1117,1117,10,-1,-1,2022-11-26,2022-11-26
1118,1118,10,-1,-1,2022-11-26,2022-11-26
1119,1119,10,-1,-1,2022-11-26,2022-11-26
1120,1120,10,-1,-1,2022-11-26,2022-11-26
1121,1121,10,-1,-1,2022-11-26,2022-11-26
1122,1122,10,-1,-1,2022-11-26,2022-11-26
1123,1123,10,-1,-1,2022-11-26,2022-11-26
1124,1124,10,-1,-1,2022-11-26,2022-11-26
1125,1125,10,-1,-1,2022-11-26,2022-11-26
1126,1126,10,-1,-1,2022-11-26,2022-11-26
1127,1127,10,-1,-1,2022-11-26,2022-11-26
1128,1128,10,-1,-1,2022-11-26,2022-11-26
1129,1129,10,-1,-1,2022-11-26,2022-11-26
1130,1130,10,-1,-1,2022-11-26,2022-11-26
1131,1131,10,-1,-1,2022-11-26,2022-11-26
1132,1132,10,-1,-1,2022-11-26,2022-11-26
1133,1133,10,-1,-1,2022-11-26,2022-11-26
1134,1134,10,-1,-1,2022-11-26,2022-11-26
1135,1135,10,-1,-1,2022-11-26,2022-11-26
1136,1136,10,-1,-1,2022-11-26,2022-11-26
1137,1137,10,-1,-1,2022-11-26,2022-11-26
1138,1138,10,-1,-1,2022-11-26,2022-11-26
1139,1139,10,-1,-1,2022-11-26,2022-11-26
1140,1140,10,-1,-1,2022-11-26,2022-11-26
1141,1141,10,-1,-1,2022-11-26,2022-11-26
1142,1142,10,-1,-1,2022-11-26,2022-11-26
1143,1143,10,-1,-1,2022-11-26,2022-11-26
1144,1144,10,-1,-1,2022-11-26,2022-11-26
1145,1145,10,-1,-1,2022-11-26,2022-11-26
1146,1146,10,-1,-1,2022-11-26,2022-11-26
1147,1147,10,-1,-1,2022-11-26,2022-11-26
1148,1148,10,-1,-1,2022-11-26,2022-11-26
1149,1149,10,-1,-1,2022-11-26,2022-11-26
1150,1150,10,-1,-1,2022-11-26,2022-11-26
1151,1151,10,-1,-1,2022-11-26,2022-11-26
1152,1152,10,-1,-1,2022-11-26,2022-11-26
1153,1153,10,-1,-1,2022-11-26,2022-11-26
1154,1154,10,-1,-1,2022-11-26,2022-11-26
1155,1155,10,-1,-1,2022-11-26,2022-11-26
1156,1156,10,-1,-1,2022-11-26,2022-11-26
1157,1157,10,-1,-1,2022-11-26,2022-11-26
1158,1158,10,-1,-1,2022-11-26,2022-11-26
1159,1159,10,-1,-1,2022-11-26,2022-11-26
1160,1160,10,-1,-1,2022-11-26,2022-11-26
1161,1161,10,-1,-1,2022-11-26,2022-11-26
1162,1162,10,-1,-1,2022-11-26,2022-11-26
1163,1163,10,-1,-1,2022-11-26,2022-11-26
1164,1164,10,-1,-1,2022-11-26,2022-11-26
1165,1165,10,-1,-1,2022-11-26,2022-11-26
1166,1166,10,-1,-1,2022-11-26,2022-11-26
1167,1167,10,-1,-1,2022-11-26,2022-11-26
1168,1168,10,-1,-1,2022-11-26,2022-11-26
1169,1169,10,-1,-1,2022-11-26,2022-11-26
1170,1170,10,-1,-1,2022-11-26,2022-11-26
1171,1171,10,-1,-1,2022-11-26,2022-11-26
1172,1172,10,-1,-1,2022-11-26,2022-11-26
1173,1173,10,-1,-1,2022-11-26,2022-11-26
1174,1174,10,-1,-1,2022-11-26,2022-11-26
1175,1175,10,-1,-1,2022-11-26,2022-11-26
1176,1176,10,-1,-1,2022-11-26,2022-11-26
1177,1177,10,-1,-1,2022-11-26,2022-11-26
1178,1178,10,-1,-1,2022-11-26,2022-11-26
1179,1179,10,-1,-1,2022-11-26,2022-11-26
1180,1180,10,-1,-1,2022-11-26,2022-11-26
1181,1181,10,-1,-1,2022-11-26,2022-11-26
1182,1182,10,-1,-1,2022-11-26,2022-11-26
1183,1183,10,-1,-1,2022-11-26,2022-11-26
1184,1184,10,-1,-1,2022-11-26,2022-11-26
1185,1185,10,-1,-1,2022-11-26,2022-11-26
1186,1186,10,-1,-1,2022-11-26,2022-11-26
1187,1187,10,-1,-1,2022-11-26,2022-11-26
1188,1188,10,-1,-1,2022-11-26,2022-11-26
1189,1189,10,-1,-1,2022-11-26,2022-11-26
1190,1190,10,-1,-1,2022-11-26,2022-11-26
1191,1191,10,-1,-1,2022-11-26,2022-11-26
1192,1192,10,-1,-1,2022-11-26,2022-11-26
1193,1193,10,-1,-1,2022-11-26,2022-11-26
1194,1194,10,-1,-1,2022-11-26,2022-11-26
1195,1195,10,-1,-1,2022-11-26,2022-11-26
1196,1196,10,-1,-1,2022-11-26,2022-11-26
1197,1197,10,-1,-1,2022-11-26,2022-11-26
1198,1198,10,-1,-1,2022-11-26,2022-11-26
1199,1199,10,-1,-1,2022-11-26,2022-11-26
1200,1200,10,-1,-1,2022-11-26,2022-11-26
1201,1201,10,-1,-1,2022-11-26,2022-11-26
1202,1202,10,-1,-1,2022-11-26,2022-11-26
1203,1203,10,-1,-1,2022-11-26,2022-11-26
1204,1204,10,-1,-1,2022-11-26,2022-11-26
1205,1205,10,-1,-1,2022-11-26,2022-11-26
1206,1206,10,-1,-1,2022-11-26,2022-11-26
1207,1207,10,-1,-1,2022-11-26,2022-11-26
1208,1208,10,-1,-1,2022-11-26,2022-11-26
1209,1209,10,-1,-1,2022-11-26,2022-11-26
1210,1210,10,-1,-1,2022-11-26,2022-11-26
1211,1211,10,-1,-1,2022-11-26,2022-11-26
1212,1212,10,-1,-1,2022-11-26,2022-11-26
1213,1213,10,-1,-1,2022-11-26,2022-11-26
1214,1214,10,-1,-1,2022-11-26,2022-11-26
1215,1215,10,-1,-1,2022-11-26,2022-11-26
1216,1216,10,-1,-1,2022-11-26,2022-11-26
1217,1217,10,-1,-1,2022-11-26,2022-11-26
1218,1218,10,-1,-1,2022-11-26,2022-11-26
1219,1219,10,-1,-1,2022-11-26,2022-11-26
1220,1220,10,-1,-1,2022-11-26,2022-11-26
1221,1221,10,-1,-1,2022-11-26,2022-11-26
1222,1222,10,-1,-1,2022-11-26,2022-11-26
1223,1223,10,-1,-1,2022-11-26,2022-11-26
1224,1224,10,-1,-1,2022-11-26,2022-11-26
1225,1225,10,-1,-1,2022-11-26,2022-11-26
1226,1226,10,-1,-1,2022-11-26,2022-11-26
1227,1227,10,-1,-1,2022-11-26,2022-11-26
1228,1228,10,-1,-1,2022-11-26,2022-11-26
1229,1229,10,-1,-1,2022-11-26,2022-11-26
1230,1230,10,-1,-1,2022-11-26,2022-11-26
1231,1231,10,-1,-1,2022-11-26,2022-11-26
1232,1232,10,-1,-1,2022-11-26,2022-11-26
1233,1233,10,-1,-1,2022-11-26,2022-11-26
1234,1234,10,-1,-1,2022-11-26,2022-11-26
1235,1235,10,-1,-1,2022-11-26,2022-11-26
1236,1236,10,-1,-1,2022-11-26,2022-11-26
1237,1237,10,-1,-1,2022-11-26,2022-11-26
1238,1238,10,-1,-1,2022-11-26,2022-11-26
1239,1239,10,-1,-1,2022-11-26,2022-11-26
1240,1240,10,-1,-1,2022-11-26,2022-11-26
1241,1241,10,-1,-1,2022-11-26,2022-11-26
1242,1242,10,-1,-1,2022-11-26,2022-11-26
1243,1243,10,-1,-1,2022-11-26,2022-11-26
1244,1244,10,-1,-1,2022-11-26,2022-11-26
1245,1245,10,-1,-1,2022-11-26,2022-11-26
1246,1246,10,-1,-1,2022-11-26,2022-11-26
1247,1247,10,-1,-1,2022-11-26,2022-11-26
1248,1248,10,-1,-1,2022-11-26,2022-11-26
1249,1249,10,-1,-1,2022-11-26,2022-11-26
1250,1250,10,-1,-1,2022-11-26,2022-11-26
1251,1251,10,-1,-1,2022-11-26,2022-11-26
1252,1252,10,-1,-1,2022-11-26,2022-11-26
1253,1253,10,-1,-1,2022-11-26,2022-11-26
1254,1254,10,-1,-1,2022-11-26,2022-11-26
1255,1255,10,-1,-1,2022-11-26,2022-11-26
1256,1256,10,-1,-1,2022-11-26,2022-11-26
1257,1257,10,-1,-1,2022-11-26,2022-11-26
1258,1258,10,-1,-1,2022-11-26,2022-11-26
1259,1259,10,-1,-1,2022-11-26,2022-11-26
1260,1260,10,-1,-1,2022-11-26,2022-11-26
1261,1261,10,-1,-1,2022-11-26,2022-11-26
1262,1262,10,-1,-1,2022-11-26,2022-11-26
1263,1263,10,-1,-1,2022-11-26,2022-11-26
1264,1264,10,-1,-1,2022-11-26,2022-11-26
1265,1265,10,-1,-1,2022-11-26,2022-11-26
1266,1266,10,-1,-1,2022-11-26,2022-11-26
1267,1267,10,-1,-1,2022-11-26,2022-11-26
1268,1268,10,-1,-1,2022-11-26,2022-11-26
1269,1269,10,-1,-1,2022-11-26,2022-11-26
1270,1270,10,-1,-1,2022-11-26,2022-11-26
1271,1271,10,-1,-1,2022-11-26,2022-11-26
1272,1272,10,-1,-1,2022-11-26,2022-11-26
1273,1273,10,-1,-1,2022-11-26,2022-11-26
1274,1274,10,-1,-1,2022-11-26,2022-11-26
1275,1275,10,-1,-1,2022-11-26,2022-11-26
1276,1276,10,-1,-1,2022-11-26,2022-11-26
1277,1277,10,-1,-1,2022-11-26,2022-11-26
1278,1278,10,-1,-1,2022-11-26,2022-11-26
1279,1279,10,-1,-1,2022-11-26,2022-11-26
1280,1280,10,-1,-1,2022-11-26,2022-11-26
1281,1281,10,-1,-1,2022-11-26,2022-11-26
1282,1282,10,-1,-1,2022-11-26,2022-11-26
1283,1283,10,-1,-1,2022-11-26,2022-11-26
1284,1284,10,-1,-1,2022-11-26,2022-11-26
1285,1285,10,-1,-1,2022-11-26,2022-11-26
1286,1286,10,-1,-1,2022-11-26,2022-11-26
1287,1287,10,-1,-1,2022-11-26,2022-11-26
1288,1288,10,-1,-1,2022-11-26,2022-11-26
1289,1289,10,-1,-1,2022-11-26,2022-11-26
1290,1290,10,-1,-1,2022-11-26,2022-11-26
1291,1291,10,-1,-1,2022-11-26,2022-11-26
1292,1292,10,-1,-1,2022-11-26,2022-11-26
1293,1293,10,-1,-1,2022-11-26,2022-11-26
1294,1294,10,-1,-1,2022-11-26,2022-11-26
1295,1295,10,-1,-1,2022-11-26,2022-11-26
1296,1296,10,-1,-1,2022-11-26,2022-11-26
1297,1297,10,-1,-1,2022-11-26,2022-11-26
1298,1298,10,-1,-1,2022-11-26,2022-11-26
1299,1299,10,-1,-1,2022-11-26,2022-11-26
1300,1300,10,-1,-1,2022-11-26,2022-11-26
1301,1301,10,-1,-1,2022-11-26,2022-11-26
1302,1302,10,-1,-1,2022-11-26,2022-11-26
1303,1303,10,-1,-1,2022-11-26,2022-11-26
1304,1304,10,-1,-1,2022-11-26,2022-11-26
1305,1305,10,-1,-1,2022-11-26,2022-11-26
1306,1306,10,-1,-1,2022-11-26,2022-11-26
1307,1307,10,-1,-1,2022-11-26,2022-11-26
1308,1308,10,-1,-1,2022-11-26,2022-11-26
1309,1309,10,-1,-1,2022-11-26,2022-11-26
1310,1310,10,-1,-1,2022-11-26,2022-11-26
1311,1311,10,-1,-1,2022-11-26,2022-11-26
1312,1312,10,-1,-1,2022-11-26,2022-11-26
1313,1313,10,-1,-1,2022-11-26,2022-11-26
1314,1314,10,-1,-1,2022-11-26,2022-11-26
1315,1315,10,-1,-1,2022-11-26,2022-11-26
1316,1316,10,-1,-1,2022-11-26,2022-11-26
1317,1317,10,-1,-1,2022-11-26,2022-11-26
1318,1318,10,-1,-1,2022-11-26,2022-11-26
1319,1319,10,-1,-1,2022-11-26,2022-11-26
1320,1320,10,-1,-1,2022-11-26,2022-11-26
1321,1321,10,-1,-1,2022-11-26,2022-11-26
1322,1322,10,-1,-1,2022-11-26,2022-11-26
1323,1323,10,-1,-1,2022-11-26,2022-11-26
1324,1324,10,-1,-1,2022-11-26,2022-11-26
1325,1325,10,-1,-1,2022-11-26,2022-11-26
1326,1326,10,-1,-1,2022-11-26,2022-11-26
1327,1327,10,-1,-1,2022-11-26,2022-11-26
1328,1328,10,-1,-1,2022-11-26,2022-11-26
1329,1329,10,-1,-1,2022-11-26,2022-11-26
1330,1330,10,-1,-1,2022-11-26,2022-11-26
1331,1331,10,-1,-1,2022-11-26,2022-11-26
1332,1332,10,-1,-1,2022-11-26,2022-11-26
1333,1333,10,-1,-1,2022-11-26,2022-11-26
1334,1334,10,-1,-1,2022-11-26,2022-11-26
1335,1335,10,-1,-1,2022-11-26,2022-11-26
1336,1336,10,-1,-1,2022-11-26,2022-11-26
1337,1337,10,-1,-1,2022-11-26,2022-11-26
1338,1338,10,-1,-1,2022-11-26,2022-11-26
1339,1339,10,-1,-1,2022-11-26,2022-11-26
1340,1340,10,-1,-1,2022-11-26,2022-11-26
1341,1341,10,-1,-1,2022-11-26,2022-11-26
1342,1342,10,-1,-1,2022-11-26,2022-11-26
1343,1343,10,-1,-1,2022-11-26,2022-11-26
1344,1344,10,-1,-1,2022-11-26,2022-11-26
1345,1345,10,-1,-1,2022-11-26,2022-11-26
1346,1346,10,-1,-1,2022-11-26,2022-11-26
1347,1347,10,-1,-1,2022-11-26,2022-11-26
1348,1348,10,-1,-1,2022-11-26,2022-11-26
1349,1349,10,-1,-1,2022-11-26,2022-11-26
1350,1350,10,-1,-1,2022-11-26,2022-11-26
1351,1351,10,-1,-1,2022-11-26,2022-11-26
1352,1352,10,-1,-1,2022-11-26,2022-11-26
1353,1353,10,-1,-1,2022-11-26,2022-11-26
1354,1354,10,-1,-1,2022-11-26,2022-11-26
1355,1355,10,-1,-1,2022-11-26,2022-11-26
1356,1356,10,-1,-1,2022-11-26,2022-11-26
1357,1357,10,-1,-1,2022-11-26,2022-11-26
1358,1358,10,-1,-1,2022-11-26,2022-11-26
1359,1359,10,-1,-1,2022-11-26,2022-11-26
1360,1360,10,-1,-1,2022-11-26,2022-11-26
1361,1361,10,-1,-1,2022-11-26,2022-11-26
1362,1362,10,-1,-1,2022-11-26,2022-11-26
1363,1363,10,-1,-1,2022-11-26,2022-11-26
1364,1364,10,-1,-1,2022-11-26,2022-11-26
1365,1365,10,-1,-1,2022-11-26,2022-11-26
1366,1366,10,-1,-1,2022-11-26,2022-11-26
1367,1367,10,-1,-1,2022-11-26,2022-11-26
1368,1368,10,-1,-1,2022-11-26,2022-11-26
1369,1369,10,-1,-1,2022-11-26,2022-11-26
1370,1370,10,-1,-1,2022-11-26,2022-11-26
1371,1371,10,-1,-1,2022-11-26,2022-11-26
1372,1372,10,-1,-1,2022-11-26,2022-11-26
1373,1373,10,-1,-1,2022-11-26,2022-11-26
1374,1374,10,-1,-1,2022-11-26,2022-11-26
1375,1375,10,-1,-1,2022-11-26,2022-11-26
1376,1376,10,-1,-1,2022-11-26,2022-11-26
1377,1377,10,-1,-1,2022-11-26,2022-11-26
1378,1378,10,-1,-1,2022-11-26,2022-11-26
1379,1379,10,-1,-1,2022-11-26,2022-11-26
1380,1380,10,-1,-1,2022-11-26,2022-11-26
1381,1381,10,-1,-1,2022-11-26,2022-11-26
1382,1382,10,-1,-1,2022-11-26,2022-11-26
1383,1383,10,-1,-1,2022-11-26,2022-11-26
1384,1384,10,-1,-1,2022-11-26,2022-11-26
1385,1385,10,-1,-1,2022-11-26,2022-11-26
1386,1386,10,-1,-1,2022-11-26,2022-11-26
1387,1387,10,-1,-1,2022-11-26,2022-11-26
1388,1388,10,-1,-1,2022-11-26,2022-11-26
1389,1389,10,-1,-1,2022-11-26,2022-11-26
1390,1390,10,-1,-1,2022-11-26,2022-11-26
1391,1391,10,-1,-1,2022-11-26,2022-11-26
1392,1392,10,-1,-1,2022-11-26,2022-11-26
1393,1393,10,-1,-1,2022-11-26,2022-11-26
1394,1394,10,-1,-1,2022-11-26,2022-11-26
1395,1395,10,-1,-1,2022-11-26,2022-11-26
1396,1396,10,-1,-1,2022-11-26,2022-11-26
1397,1397,10,-1,-1,2022-11-26,2022-11-26
1398,1398,10,-1,-1,2022-11-26,2022-11-26
1399,1399,10,-1,-1,2022-11-26,2022-11-26
1400,1400,10,-1,-1,2022-11-26,2022-11-26
1401,1401,10,-1,-1,2022-11-26,2022-11-26
1402,1402,10,-1,-1,2022-11-26,2022-11-26
1403,1403,10,-1,-1,2022-11-26,2022-11-26
1404,1404,10,-1,-1,2022-11-26,2022-11-26
1405,1405,10,-1,-1,2022-11-26,2022-11-26
1406,1406,10,-1,-1,2022-11-26,2022-11-26
1407,1407,10,-1,-1,2022-11-26,2022-11-26
1408,1408,10,-1,-1,2022-11-26,2022-11-26
1409,1409,10,-1,-1,2022-11-26,2022-11-26
1410,1410,10,-1,-1,2022-11-26,2022-11-26
1411,1411,10,-1,-1,2022-11-26,2022-11-26
1412,1412,10,-1,-1,2022-11-26,2022-11-26
1413,1413,10,-1,-1,2022-11-26,2022-11-26
1414,1414,10,-1,-1,2022-11-26,2022-11-26
1415,1415,10,-1,-1,2022-11-26,2022-11-26
1416,1416,10,-1,-1,2022-11-26,2022-11-26
1417,1417,10,-1,-1,2022-11-26,2022-11-26
1418,1418,10,-1,-1,2022-11-26,2022-11-26
1419,1419,10,-1,-1,2022-11-26,2022-11-26
1420,1420,10,-1,-1,2022-11-26,2022-11-26
1421,1421,10,-1,-1,2022-11-26,2022-11-26
1422,1422,10,-1,-1,2022-11-26,2022-11-26
1423,1423,10,-1,-1,2022-11-26,2022-11-26
1424,1424,10,-1,-1,2022-11-26,2022-11-26
1425,1425,10,-1,-1,2022-11-26,2022-11-26
1426,1426,10,-1,-1,2022-11-26,2022-11-26
1427,1427,10,-1,-1,2022-11-26,2022-11-26
1428,1428,10,-1,-1,2022-11-26,2022-11-26
1429,1429,10,-1,-1,2022-11-26,2022-11-26
1430,1430,10,-1,-1,2022-11-26,2022-11-26
1431,1431,10,-1,-1,2022-11-26,2022-11-26
1432,1432,10,-1,-1,2022-11-26,2022-11-26
1433,1433,10,-1,-1,2022-11-26,2022-11-26
1434,1434,10,-1,-1,2022-11-26,2022-11-26
1435,1435,10,-1,-1,2022-11-26,2022-11-26
1436,1436,10,-1,-1,2022-11-26,2022-11-26
1437,1437,10,-1,-1,2022-11-26,2022-11-26
1438,1438,10,-1,-1,2022-11-26,2022-11-26
1439,1439,10,-1,-1,2022-11-26,2022-11-26
1440,1440,10,-1,-1,2022-11-26,2022-11-26
1441,1441,10,-1,-1,2022-11-26,2022-11-26
1442,1442,10,-1,-1,2022-11-26,2022-11-26
1443,1443,10,-1,-1,2022-11-26,2022-11-26
1444,1444,10,-1,-1,2022-11-26,2022-11-26
1445,1445,10,-1,-1,2022-11-26,2022-11-26
1446,1446,10,-1,-1,2022-11-26,2022-11-26
1447,1447,10,-1,-1,2022-11-26,2022-11-26
1448,1448,10,-1,-1,2022-11-26,2022-11-26
1449,1449,10,-1,-1,2022-11-26,2022-11-26
1450,1450,10,-1,-1,2022-11-26,2022-11-26
1451,1451,10,-1,-1,2022-11-26,2022-11-26
1452,1452,10,-1,-1,2022-11-26,2022-11-26
1453,1453,10,-1,-1,2022-11-26,2022-11-26
1454,1454,10,-1,-1,2022-11-26,2022-11-26
1455,1455,10,-1,-1,2022-11-26,2022-11-26
1456,1456,10,-1,-1,2022-11-26,2022-11-26
1457,1457,10,-1,-1,2022-11-26,2022-11-26
1458,1458,10,-1,-1,2022-11-26,2022-11-26
1459,1459,10,-1,-1,2022-11-26,2022-11-26
1460,1460,10,-1,-1,2022-11-26,2022-11-26
1461,1461,10,-1,-1,2022-11-26,2022-11-26
1462,1462,10,-1,-1,2022-11-26,2022-11-26
1463,1463,10,-1,-1,2022-11-26,2022-11-26
1464,1464,10,-1,-1,2022-11-26,2022-11-26
1465,1465,10,-1,-1,2022-11-26,2022-11-26
1466,1466,10,-1,-1,2022-11-26,2022-11-26
1467,1467,10,-1,-1,2022-11-26,2022-11-26
1468,1468,10,-1,-1,2022-11-26,2022-11-26
1469,1469,10,-1,-1,2022-11-26,2022-11-26
1470,1470,10,-1,-1,2022-11-26,2022-11-26
1471,1471,10,-1,-1,2022-11-26,2022-11-26
1472,1472,10,-1,-1,2022-11-26,2022-11-26
1473,1473,10,-1,-1,2022-11-26,2022-11-26
1474,1474,10,-1,-1,2022-11-26,2022-11-26
1475,1475,10,-1,-1,2022-11-26,2022-11-26
1476,1476,10,-1,-1,2022-11-26,2022-11-26
1477,1477,10,-1,-1,2022-11-26,2022-11-26
1478,1478,10,-1,-1,2022-11-26,2022-11-26
1479,1479,10,-1,-1,2022-11-26,2022-11-26
1480,1480,10,-1,-1,2022-11-26,2022-11-26
1481,1481,10,-1,-1,2022-11-26,2022-11-26
1482,1482,10,-1,-1,2022-11-26,2022-11-26
1483,1483,10,-1,-1,2022-11-26,2022-11-26
1484,1484,10,-1,-1,2022-11-26,2022-11-26
1485,1485,10,-1,-1,2022-11-26,2022-11-26
1486,1486,10,-1,-1,2022-11-26,2022-11-26
1487,1487,10,-1,-1,2022-11-26,2022-11-26
1488,1488,10,-1,-1,2022-11-26,2022-11-26
1489,1489,10,-1,-1,2022-11-26,2022-11-26
1490,1490,10,-1,-1,2022-11-26,2022-11-26
1491,1491,10,-1,-1,2022-11-26,2022-11-26
1492,1492,10,-1,-1,2022-11-26,2022-11-26
1493,1493,10,-1,-1,2022-11-26,2022-11-26
1494,1494,10,-1,-1,2022-11-26,2022-11-26
1495,1495,10,-1,-1,2022-11-26,2022-11-26
1496,1496,10,-1,-1,2022-11-26,2022-11-26
1497,1497,10,-1,-1,2022-11-26,2022-11-26
1498,1498,10,-1,-1,2022-11-26,2022-11-26
1499,1499,10,-1,-1,2022-11-26,2022-11-26
1500,1500,10,-1,-1,2022-11-26,2022-11-26
1501,1501,10,-1,-1,2022-11-26,2022-11-26
1502,1502,10,-1,-1,2022-11-26,2022-11-26
1503,1503,10,-1,-1,2022-11-26,2022-11-26
1504,1504,10,-1,-1,2022-11-26,2022-11-26
1505,1505,10,-1,-1,2022-11-26,2022-11-26
1506,1506,10,-1,-1,2022-11-26,2022-11-26
1507,1507,10,-1,-1,2022-11-26,2022-11-26
1508,1508,10,-1,-1,2022-11-26,2022-11-26
1509,1509,10,-1,-1,2022-11-26,2022-11-26
1510,1510,10,-1,-1,2022-11-26,2022-11-26
1511,1511,10,-1,-1,2022-11-26,2022-11-26
1512,1512,10,-1,-1,2022-11-26,2022-11-26
1513,1513,10,-1,-1,2022-11-26,2022-11-26
1514,1514,10,-1,-1,2022-11-26,2022-11-26
1515,1515,10,-1,-1,2022-11-26,2022-11-26
1516,1516,10,-1,-1,2022-11-26,2022-11-26
1517,1517,10,-1,-1,2022-11-26,2022-11-26
1518,1518,10,-1,-1,2022-11-26,2022-11-26
1519,1519,10,-1,-1,2022-11-26,2022-11-26
1520,1520,10,-1,-1,2022-11-26,2022-11-26
1521,1521,10,-1,-1,2022-11-26,2022-11-26
1522,1522,10,-1,-1,2022-11-26,2022-11-26
1523,1523,10,-1,-1,2022-11-26,2022-11-26
1524,1524,10,-1,-1,2022-11-26,2022-11-26
1525,1525,10,-1,-1,2022-11-26,2022-11-26
1526,1526,10,-1,-1,2022-11-26,2022-11-26
1527,1527,10,-1,-1,2022-11-26,2022-11-26
1528,1528,10,-1,-1,2022-11-26,2022-11-26
1529,1529,10,-1,-1,2022-11-26,2022-11-26
1530,1530,10,-1,-1,2022-11-26,2022-11-26
1531,1531,10,-1,-1,2022-11-26,2022-11-26
1532,1532,10,-1,-1,2022-11-26,2022-11-26
1533,1533,10,-1,-1,2022-11-26,2022-11-26
1534,1534,10,-1,-1,2022-11-26,2022-11-26
1535,1535,10,-1,-1,2022-11-26,2022-11-26
1536,1536,10,-1,-1,2022-11-26,2022-11-26
1537,1537,10,-1,-1,2022-11-26,2022-11-26
1538,1538,10,-1,-1,2022-11-26,2022-11-26
1539,1539,10,-1,-1,2022-11-26,2022-11-26
1540,1540,10,-1,-1,2022-11-26,2022-11-26
1541,1541,10,-1,-1,2022-11-26,2022-11-26
1542,1542,10,-1,-1,2022-11-26,2022-11-26
1543,1543,10,-1,-1,2022-11-26,2022-11-26
1544,1544,10,-1,-1,2022-11-26,2022-11-26
1545,1545,10,-1,-1,2022-11-26,2022-11-26
1546,1546,10,-1,-1,2022-11-26,2022-11-26
1547,1547,10,-1,-1,2022-11-26,2022-11-26
1548,1548,10,-1,-1,2022-11-26,2022-11-26
1549,1549,10,-1,-1,2022-11-26,2022-11-26
1550,1550,10,-1,-1,2022-11-26,2022-11-26
1551,1551,10,-1,-1,2022-11-26,2022-11-26
1552,1552,10,-1,-1,2022-11-26,2022-11-26
1553,1553,10,-1,-1,2022-11-26,2022-11-26
1554,1554,10,-1,-1,2022-11-26,2022-11-26
1555,1555,10,-1,-1,2022-11-26,2022-11-26
1556,1556,10,-1,-1,2022-11-26,2022-11-26
1557,1557,10,-1,-1,2022-11-26,2022-11-26
1558,1558,10,-1,-1,2022-11-26,2022-11-26
1559,1559,10,-1,-1,2022-11-26,2022-11-26
1560,1560,10,-1,-1,2022-11-26,2022-11-26
1561,1561,10,-1,-1,2022-11-26,2022-11-26
1562,1562,10,-1,-1,2022-11-26,2022-11-26
1563,1563,10,-1,-1,2022-11-26,2022-11-26
1564,1564,10,-1,-1,2022-11-26,2022-11-26
1565,1565,10,-1,-1,2022-11-26,2022-11-26
1566,1566,10,-1,-1,2022-11-26,2022-11-26
1567,1567,10,-1,-1,2022-11-26,2022-11-26
1568,1568,10,-1,-1,2022-11-26,2022-11-26
1569,1569,10,-1,-1,2022-11-26,2022-11-26
1570,1570,10,-1,-1,2022-11-26,2022-11-26
1571,1571,10,-1,-1,2022-11-26,2022-11-26
1572,1572,10,-1,-1,2022-11-26,2022-11-26
1573,1573,10,-1,-1,2022-11-26,2022-11-26
1574,1574,10,-1,-1,2022-11-26,2022-11-26
1575,1575,10,-1,-1,2022-11-26,2022-11-26
1576,1576,10,-1,-1,2022-11-26,2022-11-26
1577,1577,10,-1,-1,2022-11-26,2022-11-26
1578,1578,10,-1,-1,2022-11-26,2022-11-26
1579,1579,10,-1,-1,2022-11-26,2022-11-26
1580,1580,10,-1,-1,2022-11-26,2022-11-26
1581,1581,10,-1,-1,2022-11-26,2022-11-26
1582,1582,10,-1,-1,2022-11-26,2022-11-26
1583,1583,10,-1,-1,2022-11-26,2022-11-26
1584,1584,10,-1,-1,2022-11-26,2022-11-26
1585,1585,10,-1,-1,2022-11-26,2022-11-26
1586,1586,10,-1,-1,2022-11-26,2022-11-26
1587,1587,10,-1,-1,2022-11-26,2022-11-26
1588,1588,10,-1,-1,2022-11-26,2022-11-26
1589,1589,10,-1,-1,2022-11-26,2022-11-26
1590,1590,10,-1,-1,2022-11-26,2022-11-26
1591,1591,10,-1,-1,2022-11-26,2022-11-26
1592,1592,10,-1,-1,2022-11-26,2022-11-26
1593,1593,10,-1,-1,2022-11-26,2022-11-26
1594,1594,10,-1,-1,2022-11-26,2022-11-26
1595,1595,10,-1,-1,2022-11-26,2022-11-26
1596,1596,10,-1,-1,2022-11-26,2022-11-26
1597,1597,10,-1,-1,2022-11-26,2022-11-26
1598,1598,10,-1,-1,2022-11-26,2022-11-26
1599,1599,10,-1,-1,2022-11-26,2022-11-26
1600,1600,10,-1,-1,2022-11-26,2022-11-26
1601,1601,10,-1,-1,2022-11-26,2022-11-26
1602,1602,10,-1,-1,2022-11-26,2022-11-26
1603,1603,10,-1,-1,2022-11-26,2022-11-26
1604,1604,10,-1,-1,2022-11-26,2022-11-26
1605,1605,10,-1,-1,2022-11-26,2022-11-26
1606,1606,10,-1,-1,2022-11-26,2022-11-26
1607,1607,10,-1,-1,2022-11-26,2022-11-26
1608,1608,10,-1,-1,2022-11-26,2022-11-26
1609,1609,10,-1,-1,2022-11-26,2022-11-26
1610,1610,10,-1,-1,2022-11-26,2022-11-26
1611,1611,10,-1,-1,2022-11-26,2022-11-26
1612,1612,10,-1,-1,2022-11-26,2022-11-26
1613,1613,10,-1,-1,2022-11-26,2022-11-26
1614,1614,10,-1,-1,2022-11-26,2022-11-26
1615,1615,10,-1,-1,2022-11-26,2022-11-26
1616,1616,10,-1,-1,2022-11-26,2022-11-26
1617,1617,10,-1,-1,2022-11-26,2022-11-26
1618,1618,10,-1,-1,2022-11-26,2022-11-26
1619,1619,10,-1,-1,2022-11-26,2022-11-26
1620,1620,10,-1,-1,2022-11-26,2022-11-26
1621,1621,10,-1,-1,2022-11-26,2022-11-26
1622,1622,10,-1,-1,2022-11-26,2022-11-26
1623,1623,10,-1,-1,2022-11-26,2022-11-26
1624,1624,10,-1,-1,2022-11-26,2022-11-26
1625,1625,10,-1,-1,2022-11-26,2022-11-26
1626,1626,10,-1,-1,2022-11-26,2022-11-26
1627,1627,10,-1,-1,2022-11-26,2022-11-26
1628,1628,10,-1,-1,2022-11-26,2022-11-26
1629,1629,10,-1,-1,2022-11-26,2022-11-26
1630,1630,10,-1,-1,2022-11-26,2022-11-26
1631,1631,10,-1,-1,2022-11-26,2022-11-26
1632,1632,10,-1,-1,2022-11-26,2022-11-26
1633,1633,10,-1,-1,2022-11-26,2022-11-26
1634,1634,10,-1,-1,2022-11-26,2022-11-26
1635,1635,10,-1,-1,2022-11-26,2022-11-26
1636,1636,10,-1,-1,2022-11-26,2022-11-26
1637,1637,10,-1,-1,2022-11-26,2022-11-26
1638,1638,10,-1,-1,2022-11-26,2022-11-26
1639,1639,10,-1,-1,2022-11-26,2022-11-26
1640,1640,10,-1,-1,2022-11-26,2022-11-26
1641,1641,10,-1,-1,2022-11-26,2022-11-26
1642,1642,10,-1,-1,2022-11-26,2022-11-26
1643,1643,10,-1,-1,2022-11-26,2022-11-26
1644,1644,10,-1,-1,2022-11-26,2022-11-26
1645,1645,10,-1,-1,2022-11-26,2022-11-26
1646,1646,10,-1,-1,2022-11-26,2022-11-26
1647,1647,10,-1,-1,2022-11-26,2022-11-26
1648,1648,10,-1,-1,2022-11-26,2022-11-26
1649,1649,10,-1,-1,2022-11-26,2022-11-26
1650,1650,10,-1,-1,2022-11-26,2022-11-26
1651,1651,10,-1,-1,2022-11-26,2022-11-26
1652,1652,10,-1,-1,2022-11-26,2022-11-26
1653,1653,10,-1,-1,2022-11-26,2022-11-26
1654,1654,10,-1,-1,2022-11-26,2022-11-26
1655,1655,10,-1,-1,2022-11-26,2022-11-26
1656,1656,10,-1,-1,2022-11-26,2022-11-26
1657,1657,10,-1,-1,2022-11-26,2022-11-26
1658,1658,10,-1,-1,2022-11-26,2022-11-26
1659,1659,10,-1,-1,2022-11-26,2022-11-26
1660,1660,10,-1,-1,2022-11-26,2022-11-26
1661,1661,10,-1,-1,2022-11-26,2022-11-26
1662,1662,10,-1,-1,2022-11-26,2022-11-26
1663,1663,10,-1,-1,2022-11-26,2022-11-26
1664,1664,10,-1,-1,2022-11-26,2022-11-26
1665,1665,10,-1,-1,2022-11-26,2022-11-26
1666,1666,10,-1,-1,2022-11-26,2022-11-26
1667,1667,10,-1,-1,2022-11-26,2022-11-26
1668,1668,10,-1,-1,2022-11-26,2022-11-26
1669,1669,10,-1,-1,2022-11-26,2022-11-26
1670,1670,10,-1,-1,2022-11-26,2022-11-26
1671,1671,10,-1,-1,2022-11-26,2022-11-26
1672,1672,10,-1,-1,2022-11-26,2022-11-26
1673,1673,10,-1,-1,2022-11-26,2022-11-26
1674,1674,10,-1,-1,2022-11-26,2022-11-26
1675,1675,10,-1,-1,2022-11-26,2022-11-26
1676,1676,10,-1,-1,2022-11-26,2022-11-26
1677,1677,10,-1,-1,2022-11-26,2022-11-26
1678,1678,10,-1,-1,2022-11-26,2022-11-26
1679,1679,10,-1,-1,2022-11-26,2022-11-26
1680,1680,10,-1,-1,2022-11-26,2022-11-26
1681,1681,10,-1,-1,2022-11-26,2022-11-26
1682,1682,10,-1,-1,2022-11-26,2022-11-26
1683,1683,10,-1,-1,2022-11-26,2022-11-26
1684,1684,10,-1,-1,2022-11-26,2022-11-26
1685,1685,10,-1,-1,2022-11-26,2022-11-26
1686,1686,10,-1,-1,2022-11-26,2022-11-26
1687,1687,10,-1,-1,2022-11-26,2022-11-26
1688,1688,10,-1,-1,2022-11-26,2022-11-26
1689,1689,10,-1,-1,2022-11-26,2022-11-26
1690,1690,10,-1,-1,2022-11-26,2022-11-26
1691,1691,10,-1,-1,2022-11-26,2022-11-26
1692,1692,10,-1,-1,2022-11-26,2022-11-26
1693,1693,10,-1,-1,2022-11-26,2022-11-26
1694,1694,10,-1,-1,2022-11-26,2022-11-26
1695,1695,10,-1,-1,2022-11-26,2022-11-26
1696,1696,10,-1,-1,2022-11-26,2022-11-26
1697,1697,10,-1,-1,2022-11-26,2022-11-26
1698,1698,10,-1,-1,2022-11-26,2022-11-26
1699,1699,10,-1,-1,2022-11-26,2022-11-26
1700,1700,10,-1,-1,2022-11-26,2022-11-26
1701,1701,10,-1,-1,2022-11-26,2022-11-26
1702,1702,10,-1,-1,2022-11-26,2022-11-26
1703,1703,10,-1,-1,2022-11-26,2022-11-26
1704,1704,10,-1,-1,2022-11-26,2022-11-26
1705,1705,10,-1,-1,2022-11-26,2022-11-26
1706,1706,10,-1,-1,2022-11-26,2022-11-26
1707,1707,10,-1,-1,2022-11-26,2022-11-26
1708,1708,10,-1,-1,2022-11-26,2022-11-26
1709,1709,10,-1,-1,2022-11-26,2022-11-26
1710,1710,10,-1,-1,2022-11-26,2022-11-26
1711,1711,10,-1,-1,2022-11-26,2022-11-26
1712,1712,10,-1,-1,2022-11-26,2022-11-26
1713,1713,10,-1,-1,2022-11-26,2022-11-26
1714,1714,10,-1,-1,2022-11-26,2022-11-26
1715,1715,10,-1,-1,2022-11-26,2022-11-26
1716,1716,10,-1,-1,2022-11-26,2022-11-26
1717,1717,10,-1,-1,2022-11-26,2022-11-26
1718,1718,10,-1,-1,2022-11-26,2022-11-26
1719,1719,10,-1,-1,2022-11-26,2022-11-26
1720,1720,10,-1,-1,2022-11-26,2022-11-26
1721,1721,10,-1,-1,2022-11-26,2022-11-26
1722,1722,10,-1,-1,2022-11-26,2022-11-26
1723,1723,10,-1,-1,2022-11-26,2022-11-26
1724,1724,10,-1,-1,2022-11-26,2022-11-26
1725,1725,10,-1,-1,2022-11-26,2022-11-26
1726,1726,10,-1,-1,2022-11-26,2022-11-26
1727,1727,10,-1,-1,2022-11-26,2022-11-26
1728,1728,10,-1,-1,2022-11-26,2022-11-26
1729,1729,10,-1,-1,2022-11-26,2022-11-26
1730,1730,10,-1,-1,2022-11-26,2022-11-26
1731,1731,10,-1,-1,2022-11-26,2022-11-26
1732,1732,10,-1,-1,2022-11-26,2022-11-26
1733,1733,10,-1,-1,2022-11-26,2022-11-26
1734,1734,10,-1,-1,2022-11-26,2022-11-26
1735,1735,10,-1,-1,2022-11-26,2022-11-26
1736,1736,10,-1,-1,2022-11-26,2022-11-26
1737,1737,10,-1,-1,2022-11-26,2022-11-26
1738,1738,10,-1,-1,2022-11-26,2022-11-26
1739,1739,10,-1,-1,2022-11-26,2022-11-26
1740,1740,10,-1,-1,2022-11-26,2022-11-26
1741,1741,10,-1,-1,2022-11-26,2022-11-26
1742,1742,10,-1,-1,2022-11-26,2022-11-26
1743,1743,10,-1,-1,2022-11-26,2022-11-26
1744,1744,10,-1,-1,2022-11-26,2022-11-26
1745,1745,10,-1,-1,2022-11-26,2022-11-26
1746,1746,10,-1,-1,2022-11-26,2022-11-26
1747,1747,10,-1,-1,2022-11-26,2022-11-26
1748,1748,10,-1,-1,2022-11-26,2022-11-26
1749,1749,10,-1,-1,2022-11-26,2022-11-26
1750,1750,10,-1,-1,2022-11-26,2022-11-26
1751,1751,10,-1,-1,2022-11-26,2022-11-26
1752,1752,10,-1,-1,2022-11-26,2022-11-26
1753,1753,10,-1,-1,2022-11-26,2022-11-26
1754,1754,10,-1,-1,2022-11-26,2022-11-26
1755,1755,10,-1,-1,2022-11-26,2022-11-26
1756,1756,10,-1,-1,2022-11-26,2022-11-26
1757,1757,10,-1,-1,2022-11-26,2022-11-26
1758,1758,10,-1,-1,2022-11-26,2022-11-26
1759,1759,10,-1,-1,2022-11-26,2022-11-26
1760,1760,10,-1,-1,2022-11-26,2022-11-26
1761,1761,10,-1,-1,2022-11-26,2022-11-26
1762,1762,10,-1,-1,2022-11-26,2022-11-26
1763,1763,10,-1,-1,2022-11-26,2022-11-26
1764,1764,10,-1,-1,2022-11-26,2022-11-26
1765,1765,10,-1,-1,2022-11-26,2022-11-26
1766,1766,10,-1,-1,2022-11-26,2022-11-26
1767,1767,10,-1,-1,2022-11-26,2022-11-26
1768,1768,10,-1,-1,2022-11-26,2022-11-26
1769,1769,10,-1,-1,2022-11-26,2022-11-26
1770,1770,10,-1,-1,2022-11-26,2022-11-26
1771,1771,10,-1,-1,2022-11-26,2022-11-26
1772,1772,10,-1,-1,2022-11-26,2022-11-26
1773,1773,10,-1,-1,2022-11-26,2022-11-26
1774,1774,10,-1,-1,2022-11-26,2022-11-26
1775,1775,10,-1,-1,2022-11-26,2022-11-26
1776,1776,10,-1,-1,2022-11-26,2022-11-26
1777,1777,10,-1,-1,2022-11-26,2022-11-26
1778,1778,10,-1,-1,2022-11-26,2022-11-26
1779,1779,10,-1,-1,2022-11-26,2022-11-26
1780,1780,10,-1,-1,2022-11-26,2022-11-26
1781,1781,10,-1,-1,2022-11-26,2022-11-26
1782,1782,10,-1,-1,2022-11-26,2022-11-26
1783,1783,10,-1,-1,2022-11-26,2022-11-26
1784,1784,10,-1,-1,2022-11-26,2022-11-26
1785,1785,10,-1,-1,2022-11-26,2022-11-26
1786,1786,10,-1,-1,2022-11-26,2022-11-26
1787,1787,10,-1,-1,2022-11-26,2022-11-26
1788,1788,10,-1,-1,2022-11-26,2022-11-26
1789,1789,10,-1,-1,2022-11-26,2022-11-26
1790,1790,10,-1,-1,2022-11-26,2022-11-26
1791,1791,10,-1,-1,2022-11-26,2022-11-26
1792,1792,10,-1,-1,2022-11-26,2022-11-26
1793,1793,10,-1,-1,2022-11-26,2022-11-26
1794,1794,10,-1,-1,2022-11-26,2022-11-26
1795,1795,10,-1,-1,2022-11-26,2022-11-26
1796,1796,10,-1,-1,2022-11-26,2022-11-26
1797,1797,10,-1,-1,2022-11-26,2022-11-26
1798,1798,10,-1,-1,2022-11-26,2022-11-26
1799,1799,10,-1,-1,2022-11-26,2022-11-26
1800,1800,10,-1,-1,2022-11-26,2022-11-26
1801,1801,10,-1,-1,2022-11-26,2022-11-26
1802,1802,10,-1,-1,2022-11-26,2022-11-26
1803,1803,10,-1,-1,2022-11-26,2022-11-26
1804,1804,10,-1,-1,2022-11-26,2022-11-26
1805,1805,10,-1,-1,2022-11-26,2022-11-26
1806,1806,10,-1,-1,2022-11-26,2022-11-26
1807,1807,10,-1,-1,2022-11-26,2022-11-26
1808,1808,10,-1,-1,2022-11-26,2022-11-26
1809,1809,10,-1,-1,2022-11-26,2022-11-26
1810,1810,10,-1,-1,2022-11-26,2022-11-26
1811,1811,10,-1,-1,2022-11-26,2022-11-26
1812,1812,10,-1,-1,2022-11-26,2022-11-26
1813,1813,10,-1,-1,2022-11-26,2022-11-26
1814,1814,10,-1,-1,2022-11-26,2022-11-26
1815,1815,10,-1,-1,2022-11-26,2022-11-26
1816,1816,10,-1,-1,2022-11-26,2022-11-26
1817,1817,10,-1,-1,2022-11-26,2022-11-26
1818,1818,10,-1,-1,2022-11-26,2022-11-26
1819,1819,10,-1,-1,2022-11-26,2022-11-26
1820,1820,10,-1,-1,2022-11-26,2022-11-26
1821,1821,10,-1,-1,2022-11-26,2022-11-26
1822,1822,10,-1,-1,2022-11-26,2022-11-26
1823,1823,10,-1,-1,2022-11-26,2022-11-26
1824,1824,10,-1,-1,2022-11-26,2022-11-26
1825,1825,10,-1,-1,2022-11-26,2022-11-26
1826,1826,10,-1,-1,2022-11-26,2022-11-26
1827,1827,10,-1,-1,2022-11-26,2022-11-26
1828,1828,10,-1,-1,2022-11-26,2022-11-26
1829,1829,10,-1,-1,2022-11-26,2022-11-26
1830,1830,10,-1,-1,2022-11-26,2022-11-26
1831,1831,10,-1,-1,2022-11-26,2022-11-26
1832,1832,10,-1,-1,2022-11-26,2022-11-26
1833,1833,10,-1,-1,2022-11-26,2022-11-26
1834,1834,10,-1,-1,2022-11-26,2022-11-26
1835,1835,10,-1,-1,2022-11-26,2022-11-26
1836,1836,10,-1,-1,2022-11-26,2022-11-26
1837,1837,10,-1,-1,2022-11-26,2022-11-26
1838,1838,10,-1,-1,2022-11-26,2022-11-26
1839,1839,10,-1,-1,2022-11-26,2022-11-26
1840,1840,10,-1,-1,2022-11-26,2022-11-26
1841,1841,10,-1,-1,2022-11-26,2022-11-26
1842,1842,10,-1,-1,2022-11-26,2022-11-26
1843,1843,10,-1,-1,2022-11-26,2022-11-26
1844,1844,10,-1,-1,2022-11-26,2022-11-26
1845,1845,10,-1,-1,2022-11-26,2022-11-26
1846,1846,10,-1,-1,2022-11-26,2022-11-26
1847,1847,10,-1,-1,2022-11-26,2022-11-26
1848,1848,10,-1,-1,2022-11-26,2022-11-26
1849,1849,10,-1,-1,2022-11-26,2022-11-26
1850,1850,10,-1,-1,2022-11-26,2022-11-26
1851,1851,10,-1,-1,2022-11-26,2022-11-26
1852,1852,10,-1,-1,2022-11-26,2022-11-26
1853,1853,10,-1,-1,2022-11-26,2022-11-26
1854,1854,10,-1,-1,2022-11-26,2022-11-26
1855,1855,10,-1,-1,2022-11-26,2022-11-26
1856,1856,10,-1,-1,2022-11-26,2022-11-26
1857,1857,10,-1,-1,2022-11-26,2022-11-26
1858,1858,10,-1,-1,2022-11-26,2022-11-26
1859,1859,10,-1,-1,2022-11-26,2022-11-26
1860,1860,10,-1,-1,2022-11-26,2022-11-26
1861,1861,10,-1,-1,2022-11-26,2022-11-26
1862,1862,10,-1,-1,2022-11-26,2022-11-26
1863,1863,10,-1,-1,2022-11-26,2022-11-26
1864,1864,10,-1,-1,2022-11-26,2022-11-26
1865,1865,10,-1,-1,2022-11-26,2022-11-26
1866,1866,10,-1,-1,2022-11-26,2022-11-26
1867,1867,10,-1,-1,2022-11-26,2022-11-26
1868,1868,10,-1,-1,2022-11-26,2022-11-26
1869,1869,10,-1,-1,2022-11-26,2022-11-26
1870,1870,10,-1,-1,2022-11-26,2022-11-26
1871,1871,10,-1,-1,2022-11-26,2022-11-26
1872,1872,10,-1,-1,2022-11-26,2022-11-26
1873,1873,10,-1,-1,2022-11-26,2022-11-26
1874,1874,10,-1,-1,2022-11-26,2022-11-26
1875,1875,10,-1,-1,2022-11-26,2022-11-26
1876,1876,10,-1,-1,2022-11-26,2022-11-26
1877,1877,10,-1,-1,2022-11-26,2022-11-26
1878,1878,10,-1,-1,2022-11-26,2022-11-26
1879,1879,10,-1,-1,2022-11-26,2022-11-26
1880,1880,10,-1,-1,2022-11-26,2022-11-26
1881,1881,10,-1,-1,2022-11-26,2022-11-26
1882,1882,10,-1,-1,2022-11-26,2022-11-26
1883,1883,10,-1,-1,2022-11-26,2022-11-26
1884,1884,10,-1,-1,2022-11-26,2022-11-26
1885,1885,10,-1,-1,2022-11-26,2022-11-26
1886,1886,10,-1,-1,2022-11-26,2022-11-26
1887,1887,10,-1,-1,2022-11-26,2022-11-26
1888,1888,10,-1,-1,2022-11-26,2022-11-26
1889,1889,10,-1,-1,2022-11-26,2022-11-26
1890,1890,10,-1,-1,2022-11-26,2022-11-26
1891,1891,10,-1,-1,2022-11-26,2022-11-26
1892,1892,10,-1,-1,2022-11-26,2022-11-26
1893,1893,10,-1,-1,2022-11-26,2022-11-26
1894,1894,10,-1,-1,2022-11-26,2022-11-26
1895,1895,10,-1,-1,2022-11-26,2022-11-26
1896,1896,10,-1,-1,2022-11-26,2022-11-26
1897,1897,10,-1,-1,2022-11-26,2022-11-26
1898,1898,10,-1,-1,2022-11-26,2022-11-26
1899,1899,10,-1,-1,2022-11-26,2022-11-26
1900,1900,10,-1,-1,2022-11-26,2022-11-26
1901,1901,10,-1,-1,2022-11-26,2022-11-26
1902,1902,10,-1,-1,2022-11-26,2022-11-26
1903,1903,10,-1,-1,2022-11-26,2022-11-26
1904,1904,10,-1,-1,2022-11-26,2022-11-26
1905,1905,10,-1,-1,2022-11-26,2022-11-26
1906,1906,10,-1,-1,2022-11-26,2022-11-26
1907,1907,10,-1,-1,2022-11-26,2022-11-26
1908,1908,10,-1,-1,2022-11-26,2022-11-26
1909,1909,10,-1,-1,2022-11-26,2022-11-26
1910,1910,10,-1,-1,2022-11-26,2022-11-26
1911,1911,10,-1,-1,2022-11-26,2022-11-26
1912,1912,10,-1,-1,2022-11-26,2022-11-26
1913,1913,10,-1,-1,2022-11-26,2022-11-26
1914,1914,10,-1,-1,2022-11-26,2022-11-26
1915,1915,10,-1,-1,2022-11-26,2022-11-26
1916,1916,10,-1,-1,2022-11-26,2022-11-26
1917,1917,10,-1,-1,2022-11-26,2022-11-26
1918,1918,10,-1,-1,2022-11-26,2022-11-26
1919,1919,10,-1,-1,2022-11-26,2022-11-26
1920,1920,10,-1,-1,2022-11-26,2022-11-26
1921,1921,10,-1,-1,2022-11-26,2022-11-26
1922,1922,10,-1,-1,2022-11-26,2022-11-26
1923,1923,10,-1,-1,2022-11-26,2022-11-26
1924,1924,10,-1,-1,2022-11-26,2022-11-26
1925,1925,10,-1,-1,2022-11-26,2022-11-26
1926,1926,10,-1,-1,2022-11-26,2022-11-26
1927,1927,10,-1,-1,2022-11-26,2022-11-26
1928,1928,10,-1,-1,2022-11-26,2022-11-26
1929,1929,10,-1,-1,2022-11-26,2022-11-26
1930,1930,10,-1,-1,2022-11-26,2022-11-26
1931,1931,10,-1,-1,2022-11-26,2022-11-26
1932,1932,10,-1,-1,2022-11-26,2022-11-26
1933,1933,10,-1,-1,2022-11-26,2022-11-26
1934,1934,10,-1,-1,2022-11-26,2022-11-26
1935,1935,10,-1,-1,2022-11-26,2022-11-26
1936,1936,10,-1,-1,2022-11-26,2022-11-26
1937,1937,10,-1,-1,2022-11-26,2022-11-26
1938,1938,10,-1,-1,2022-11-26,2022-11-26
1939,1939,10,-1,-1,2022-11-26,2022-11-26
1940,1940,10,-1,-1,2022-11-26,2022-11-26
1941,1941,10,-1,-1,2022-11-26,2022-11-26
1942,1942,10,-1,-1,2022-11-26,2022-11-26
1943,1943,10,-1,-1,2022-11-26,2022-11-26
1944,1944,10,-1,-1,2022-11-26,2022-11-26
1945,1945,10,-1,-1,2022-11-26,2022-11-26
1946,1946,10,-1,-1,2022-11-26,2022-11-26
1947,1947,10,-1,-1,2022-11-26,2022-11-26
1948,1948,10,-1,-1,2022-11-26,2022-11-26
1949,1949,10,-1,-1,2022-11-26,2022-11-26
1950,1950,10,-1,-1,2022-11-26,2022-11-26
1951,1951,10,-1,-1,2022-11-26,2022-11-26
1952,1952,10,-1,-1,2022-11-26,2022-11-26
1953,1953,10,-1,-1,2022-11-26,2022-11-26
1954,1954,10,-1,-1,2022-11-26,2022-11-26
1955,1955,10,-1,-1,2022-11-26,2022-11-26
1956,1956,10,-1,-1,2022-11-26,2022-11-26
1957,1957,10,-1,-1,2022-11-26,2022-11-26
1958,1958,10,-1,-1,2022-11-26,2022-11-26
1959,1959,10,-1,-1,2022-11-26,2022-11-26
1960,1960,10,-1,-1,2022-11-26,2022-11-26
1961,1961,10,-1,-1,2022-11-26,2022-11-26
1962,1962,10,-1,-1,2022-11-26,2022-11-26
1963,1963,10,-1,-1,2022-11-26,2022-11-26
1964,1964,10,-1,-1,2022-11-26,2022-11-26
1965,1965,10,-1,-1,2022-11-26,2022-11-26
1966,1966,10,-1,-1,2022-11-26,2022-11-26
1967,1967,10,-1,-1,2022-11-26,2022-11-26
1968,1968,10,-1,-1,2022-11-26,2022-11-26
1969,1969,10,-1,-1,2022-11-26,2022-11-26
1970,1970,10,-1,-1,2022-11-26,2022-11-26
1971,1971,10,-1,-1,2022-11-26,2022-11-26
1972,1972,10,-1,-1,2022-11-26,2022-11-26
1973,1973,10,-1,-1,2022-11-26,2022-11-26
1974,1974,10,-1,-1,2022-11-26,2022-11-26
1975,1975,10,-1,-1,2022-11-26,2022-11-26
1976,1976,10,-1,-1,2022-11-26,2022-11-26
1977,1977,10,-1,-1,2022-11-26,2022-11-26
1978,1978,10,-1,-1,2022-11-26,2022-11-26
1979,1979,10,-1,-1,2022-11-26,2022-11-26
1980,1980,10,-1,-1,2022-11-26,2022-11-26
1981,1981,10,-1,-1,2022-11-26,2022-11-26
1982,1982,10,-1,-1,2022-11-26,2022-11-26
1983,1983,10,-1,-1,2022-11-26,2022-11-26
1984,1984,10,-1,-1,2022-11-26,2022-11-26
1985,1985,10,-1,-1,2022-11-26,2022-11-26
1986,1986,10,-1,-1,2022-11-26,2022-11-26
1987,1987,10,-1,-1,2022-11-26,2022-11-26
1988,1988,10,-1,-1,2022-11-26,2022-11-26
1989,1989,10,-1,-1,2022-11-26,2022-11-26
1990,1990,10,-1,-1,2022-11-26,2022-11-26
1991,1991,10,-1,-1,2022-11-26,2022-11-26
1992,1992,10,-1,-1,2022-11-26,2022-11-26
1993,1993,10,-1,-1,2022-11-26,2022-11-26
1994,1994,10,-1,-1,2022-11-26,2022-11-26
1995,1995,10,-1,-1,2022-11-26,2022-11-26
1996,1996,10,-1,-1,2022-11-26,2022-11-26
1997,1997,10,-1,-1,2022-11-26,2022-11-26
1998,1998,10,-1,-1,2022-11-26,2022-11-26
1999,1999,10,-1,-1,2022-11-26,2022-11-26
2000,2000,10,-1,-1,2022-11-26,2022-11-26
2001,2001,10,-1,-1,2022-11-26,2022-11-26
2002,2002,10,-1,-1,2022-11-26,2022-11-26
2003,2003,10,-1,-1,2022-11-26,2022-11-26
2004,2004,10,-1,-1,2022-11-26,2022-11-26
2005,2005,10,-1,-1,2022-11-26,2022-11-26
2006,2006,10,-1,-1,2022-11-26,2022-11-26
2007,2007,10,-1,-1,2022-11-26,2022-11-26
2008,2008,10,-1,-1,2022-11-26,2022-11-26
2009,2009,10,-1,-1,2022-11-26,2022-11-26
2010,2010,10,-1,-1,2022-11-26,2022-11-26
2011,2011,10,-1,-1,2022-11-26,2022-11-26
2012,2012,10,-1,-1,2022-11-26,2022-11-26
2013,2013,10,-1,-1,2022-11-26,2022-11-26
2014,2014,10,-1,-1,2022-11-26,2022-11-26
2015,2015,10,-1,-1,2022-11-26,2022-11-26
2016,2016,10,-1,-1,2022-11-26,2022-11-26
2017,2017,10,-1,-1,2022-11-26,2022-11-26
2018,2018,10,-1,-1,2022-11-26,2022-11-26
2019,2019,10,-1,-1,2022-11-26,2022-11-26
2020,2020,10,-1,-1,2022-11-26,2022-11-26
2021,2021,10,-1,-1,2022-11-26,2022-11-26
2022,2022,10,-1,-1,2022-11-26,2022-11-26
2023,2023,10,-1,-1,2022-11-26,2022-11-26
2024,2024,10,-1,-1,2022-11-26,2022-11-26
2025,2025,10,-1,-1,2022-11-26,2022-11-26
2026,2026,10,-1,-1,2022-11-26,2022-11-26
2027,2027,10,-1,-1,2022-11-26,2022-11-26
2028,2028,10,-1,-1,2022-11-26,2022-11-26
2029,2029,10,-1,-1,2022-11-26,2022-11-26
2030,2030,10,-1,-1,2022-11-26,2022-11-26
2031,2031,10,-1,-1,2022-11-26,2022-11-26
2032,2032,10,-1,-1,2022-11-26,2022-11-26
2033,2033,10,-1,-1,2022-11-26,2022-11-26
2034,2034,10,-1,-1,2022-11-26,2022-11-26
2035,2035,10,-1,-1,2022-11-26,2022-11-26
2036,2036,10,-1,-1,2022-11-26,2022-11-26
2037,2037,10,-1,-1,2022-11-26,2022-11-26
2038,2038,10,-1,-1,2022-11-26,2022-11-26
2039,2039,10,-1,-1,2022-11-26,2022-11-26
2040,2040,10,-1,-1,2022-11-26,2022-11-26
2041,2041,10,-1,-1,2022-11-26,2022-11-26
2042,2042,10,-1,-1,2022-11-26,2022-11-26
2043,2043,10,-1,-1,2022-11-26,2022-11-26
2044,2044,10,-1,-1,2022-11-26,2022-11-26
2045,2045,10,-1,-1,2022-11-26,2022-11-26
2046,2046,10,-1,-1,2022-11-26,2022-11-26
2047,2047,10,-1,-1,2022-11-26,2022-11-26
2048,2048,10,-1,-1,2022-11-26,2022-11-26
2049,2049,10,-1,-1,2022-11-26,2022-11-26
2050,2050,10,-1,-1,2022-11-26,2022-11-26
2051,2051,10,-1,-1,2022-11-26,2022-11-26
2052,2052,10,-1,-1,2022-11-26,2022-11-26
2053,2053,10,-1,-1,2022-11-26,2022-11-26
2054,2054,10,-1,-1,2022-11-26,2022-11-26
2055,2055,10,-1,-1,2022-11-26,2022-11-26
2056,2056,10,-1,-1,2022-11-26,2022-11-26
2057,2057,10,-1,-1,2022-11-26,2022-11-26
2058,2058,10,-1,-1,2022-11-26,2022-11-26
2059,2059,10,-1,-1,2022-11-26,2022-11-26
2060,2060,10,-1,-1,2022-11-26,2022-11-26
2061,2061,10,-1,-1,2022-11-26,2022-11-26
2062,2062,10,-1,-1,2022-11-26,2022-11-26
2063,2063,10,-1,-1,2022-11-26,2022-11-26
2064,2064,10,-1,-1,2022-11-26,2022-11-26
2065,2065,10,-1,-1,2022-11-26,2022-11-26
2066,2066,10,-1,-1,2022-11-26,2022-11-26
2067,2067,10,-1,-1,2022-11-26,2022-11-26
2068,2068,10,-1,-1,2022-11-26,2022-11-26
2069,2069,10,-1,-1,2022-11-26,2022-11-26
2070,2070,10,-1,-1,2022-11-26,2022-11-26
2071,2071,10,-1,-1,2022-11-26,2022-11-26
2072,2072,10,-1,-1,2022-11-26,2022-11-26
2073,2073,10,-1,-1,2022-11-26,2022-11-26
2074,2074,10,-1,-1,2022-11-26,2022-11-26
2075,2075,10,-1,-1,2022-11-26,2022-11-26
2076,2076,10,-1,-1,2022-11-26,2022-11-26
2077,2077,10,-1,-1,2022-11-26,2022-11-26
2078,2078,10,-1,-1,2022-11-26,2022-11-26
2079,2079,10,-1,-1,2022-11-26,2022-11-26
2080,2080,10,-1,-1,2022-11-26,2022-11-26
2081,2081,10,-1,-1,2022-11-26,2022-11-26
2082,2082,10,-1,-1,2022-11-26,2022-11-26
2083,2083,10,-1,-1,2022-11-26,2022-11-26
2084,2084,10,-1,-1,2022-11-26,2022-11-26
2085,2085,10,-1,-1,2022-11-26,2022-11-26
2086,2086,10,-1,-1,2022-11-26,2022-11-26
2087,2087,10,-1,-1,2022-11-26,2022-11-26
2088,2088,10,-1,-1,2022-11-26,2022-11-26
2089,2089,10,-1,-1,2022-11-26,2022-11-26
2090,2090,10,-1,-1,2022-11-26,2022-11-26
2091,2091,10,-1,-1,2022-11-26,2022-11-26
2092,2092,10,-1,-1,2022-11-26,2022-11-26
2093,2093,10,-1,-1,2022-11-26,2022-11-26
2094,2094,10,-1,-1,2022-11-26,2022-11-26
2095,2095,10,-1,-1,2022-11-26,2022-11-26
2096,2096,10,-1,-1,2022-11-26,2022-11-26
2097,2097,10,-1,-1,2022-11-26,2022-11-26
2098,2098,10,-1,-1,2022-11-26,2022-11-26
2099,2099,10,-1,-1,2022-11-26,2022-11-26
2100,2100,10,-1,-1,2022-11-26,2022-11-26
2101,2101,10,-1,-1,2022-11-26,2022-11-26
2102,2102,10,-1,-1,2022-11-26,2022-11-26
2103,2103,10,-1,-1,2022-11-26,2022-11-26
2104,2104,10,-1,-1,2022-11-26,2022-11-26
2105,2105,10,-1,-1,2022-11-26,2022-11-26
2106,2106,10,-1,-1,2022-11-26,2022-11-26
2107,2107,10,-1,-1,2022-11-26,2022-11-26
2108,2108,10,-1,-1,2022-11-26,2022-11-26
2109,2109,10,-1,-1,2022-11-26,2022-11-26
2110,2110,10,-1,-1,2022-11-26,2022-11-26
2111,2111,10,-1,-1,2022-11-26,2022-11-26
2112,2112,10,-1,-1,2022-11-26,2022-11-26
2113,2113,10,-1,-1,2022-11-26,2022-11-26
2114,2114,10,-1,-1,2022-11-26,2022-11-26
2115,2115,10,-1,-1,2022-11-26,2022-11-26
2116,2116,10,-1,-1,2022-11-26,2022-11-26
2117,2117,10,-1,-1,2022-11-26,2022-11-26
2118,2118,10,-1,-1,2022-11-26,2022-11-26
2119,2119,10,-1,-1,2022-11-26,2022-11-26
2120,2120,10,-1,-1,2022-11-26,2022-11-26
2121,2121,10,-1,-1,2022-11-26,2022-11-26
2122,2122,10,-1,-1,2022-11-26,2022-11-26
2123,2123,10,-1,-1,2022-11-26,2022-11-26
2124,2124,10,-1,-1,2022-11-26,2022-11-26
2125,2125,10,-1,-1,2022-11-26,2022-11-26
2126,2126,10,-1,-1,2022-11-26,2022-11-26
2127,2127,10,-1,-1,2022-11-26,2022-11-26
2128,2128,10,-1,-1,2022-11-26,2022-11-26
2129,2129,10,-1,-1,2022-11-26,2022-11-26
2130,2130,10,-1,-1,2022-11-26,2022-11-26
2131,2131,10,-1,-1,2022-11-26,2022-11-26
2132,2132,10,-1,-1,2022-11-26,2022-11-26
2133,2133,10,-1,-1,2022-11-26,2022-11-26
2134,2134,10,-1,-1,2022-11-26,2022-11-26
2135,2135,10,-1,-1,2022-11-26,2022-11-26
2136,2136,10,-1,-1,2022-11-26,2022-11-26
2137,2137,10,-1,-1,2022-11-26,2022-11-26
2138,2138,10,-1,-1,2022-11-26,2022-11-26
2139,2139,10,-1,-1,2022-11-26,2022-11-26
2140,2140,10,-1,-1,2022-11-26,2022-11-26
2141,2141,10,-1,-1,2022-11-26,2022-11-26
2142,2142,10,-1,-1,2022-11-26,2022-11-26
2143,2143,10,-1,-1,2022-11-26,2022-11-26
2144,2144,10,-1,-1,2022-11-26,2022-11-26
2145,2145,10,-1,-1,2022-11-26,2022-11-26
2146,2146,10,-1,-1,2022-11-26,2022-11-26
2147,2147,10,-1,-1,2022-11-26,2022-11-26
2148,2148,10,-1,-1,2022-11-26,2022-11-26
2149,2149,10,-1,-1,2022-11-26,2022-11-26
2150,2150,10,-1,-1,2022-11-26,2022-11-26
2151,2151,10,-1,-1,2022-11-26,2022-11-26
2152,2152,10,-1,-1,2022-11-26,2022-11-26
2153,2153,10,-1,-1,2022-11-26,2022-11-26
2154,2154,10,-1,-1,2022-11-26,2022-11-26
2155,2155,10,-1,-1,2022-11-26,2022-11-26
2156,2156,10,-1,-1,2022-11-26,2022-11-26
2157,2157,10,-1,-1,2022-11-26,2022-11-26
2158,2158,10,-1,-1,2022-11-26,2022-11-26
2159,2159,10,-1,-1,2022-11-26,2022-11-26
2160,2160,10,-1,-1,2022-11-26,2022-11-26
2161,2161,10,-1,-1,2022-11-26,2022-11-26
2162,2162,10,-1,-1,2022-11-26,2022-11-26
2163,2163,10,-1,-1,2022-11-26,2022-11-26
2164,2164,10,-1,-1,2022-11-26,2022-11-26