id,productId,partnerSenderId,partnerRecieverId,date,type,note,confirm,createdAt,updatedAt
1,1,4,35,2017-06-01,0,,1,2022-11-26,2022-11-26
2,2,4,35,2017-06-02,0,,1,2022-11-26,2022-11-26
3,3,4,35,2017-06-03,0,,1,2022-11-26,2022-11-26
4,4,4,35,2017-06-04,0,,1,2022-11-26,2022-11-26
5,5,4,35,2017-06-05,0,,1,2022-11-26,2022-11-26
6,6,4,35,2017-06-06,0,,1,2022-11-26,2022-11-26
7,7,4,35,2017-06-07,0,,1,2022-11-26,2022-11-26
8,8,4,35,2017-06-08,0,,1,2022-11-26,2022-11-26
9,9,4,35,2017-06-09,0,,1,2022-11-26,2022-11-26
10,10,4,35,2017-06-10,0,,1,2022-11-26,2022-11-26
11,11,4,35,2017-06-11,0,,1,2022-11-26,2022-11-26
12,12,4,35,2017-06-12,0,,1,2022-11-26,2022-11-26
13,13,4,35,2017-06-13,0,,1,2022-11-26,2022-11-26
14,14,4,35,2017-06-14,0,,1,2022-11-26,2022-11-26
15,15,4,35,2017-06-15,0,,1,2022-11-26,2022-11-26
16,16,4,35,2017-06-16,0,,1,2022-11-26,2022-11-26
17,17,4,35,2017-06-17,0,,1,2022-11-26,2022-11-26
18,18,4,35,2017-06-18,0,,1,2022-11-26,2022-11-26
19,19,4,35,2017-06-19,0,,1,2022-11-26,2022-11-26
20,20,4,35,2017-06-20,0,,1,2022-11-26,2022-11-26
21,21,4,35,2017-06-21,0,,1,2022-11-26,2022-11-26
22,22,4,35,2017-06-22,0,,1,2022-11-26,2022-11-26
23,23,5,35,2017-06-23,0,,1,2022-11-26,2022-11-26
24,24,5,35,2017-06-24,0,,1,2022-11-26,2022-11-26
25,25,5,35,2017-06-25,0,,1,2022-11-26,2022-11-26
26,26,5,35,2017-06-26,0,,1,2022-11-26,2022-11-26
27,27,5,35,2017-06-27,0,,1,2022-11-26,2022-11-26
28,28,5,35,2017-06-28,0,,1,2022-11-26,2022-11-26
29,29,5,35,2017-06-29,0,,1,2022-11-26,2022-11-26
30,30,5,35,2017-06-30,0,,1,2022-11-26,2022-11-26
31,31,5,36,2017-07-01,0,,1,2022-11-26,2022-11-26
32,32,5,36,2017-07-02,0,,1,2022-11-26,2022-11-26
33,33,5,36,2017-07-03,0,,1,2022-11-26,2022-11-26
34,34,5,36,2017-07-04,0,,1,2022-11-26,2022-11-26
35,35,5,36,2017-07-05,0,,1,2022-11-26,2022-11-26
36,36,5,36,2017-07-06,0,,1,2022-11-26,2022-11-26
37,37,5,36,2017-07-07,0,,1,2022-11-26,2022-11-26
38,38,5,36,2017-07-08,0,,1,2022-11-26,2022-11-26
39,39,5,36,2017-07-09,0,,1,2022-11-26,2022-11-26
40,40,5,36,2017-07-10,0,,1,2022-11-26,2022-11-26
41,41,5,36,2017-07-11,0,,1,2022-11-26,2022-11-26
42,42,5,36,2017-07-12,0,,1,2022-11-26,2022-11-26
43,43,5,36,2017-07-13,0,,1,2022-11-26,2022-11-26
44,44,5,36,2017-07-14,0,,1,2022-11-26,2022-11-26
45,45,5,36,2017-07-15,0,,1,2022-11-26,2022-11-26
46,46,5,36,2017-07-16,0,,1,2022-11-26,2022-11-26
47,47,5,36,2017-07-17,0,,1,2022-11-26,2022-11-26
48,48,5,36,2017-07-18,0,,1,2022-11-26,2022-11-26
49,49,5,36,2017-07-19,0,,1,2022-11-26,2022-11-26
50,50,5,36,2017-07-20,0,,1,2022-11-26,2022-11-26
51,51,5,36,2017-07-21,0,,1,2022-11-26,2022-11-26
52,52,5,36,2017-07-22,0,,1,2022-11-26,2022-11-26
53,53,5,36,2017-07-23,0,,1,2022-11-26,2022-11-26
54,54,5,36,2017-07-24,0,,1,2022-11-26,2022-11-26
55,55,5,36,2017-07-25,0,,1,2022-11-26,2022-11-26
56,56,5,36,2017-07-26,0,,1,2022-11-26,2022-11-26
57,57,5,36,2017-07-27,0,,1,2022-11-26,2022-11-26
58,58,5,36,2017-07-28,0,,1,2022-11-26,2022-11-26
59,59,5,36,2017-07-29,0,,1,2022-11-26,2022-11-26
60,60,5,36,2017-07-30,0,,1,2022-11-26,2022-11-26
61,61,5,37,2017-07-31,0,,1,2022-11-26,2022-11-26
62,62,5,37,2017-08-01,0,,1,2022-11-26,2022-11-26
63,63,5,37,2017-08-02,0,,1,2022-11-26,2022-11-26
64,64,5,37,2017-08-03,0,,1,2022-11-26,2022-11-26
65,65,5,37,2017-08-04,0,,1,2022-11-26,2022-11-26
66,66,5,37,2017-08-05,0,,1,2022-11-26,2022-11-26
67,67,5,37,2017-08-06,0,,1,2022-11-26,2022-11-26
68,68,5,37,2017-08-07,0,,1,2022-11-26,2022-11-26
69,69,5,37,2017-08-08,0,,1,2022-11-26,2022-11-26
70,70,5,37,2017-08-09,0,,1,2022-11-26,2022-11-26
71,71,5,37,2017-08-10,0,,1,2022-11-26,2022-11-26
72,72,5,37,2017-08-11,0,,1,2022-11-26,2022-11-26
73,73,5,37,2017-08-12,0,,1,2022-11-26,2022-11-26
74,74,5,37,2017-08-13,0,,1,2022-11-26,2022-11-26
75,75,5,37,2017-08-14,0,,1,2022-11-26,2022-11-26
76,76,5,37,2017-08-15,0,,1,2022-11-26,2022-11-26
77,77,5,37,2017-08-16,0,,1,2022-11-26,2022-11-26
78,78,5,37,2017-08-17,0,,1,2022-11-26,2022-11-26
79,79,5,37,2017-08-18,0,,1,2022-11-26,2022-11-26
80,80,5,37,2017-08-19,0,,1,2022-11-26,2022-11-26
81,81,5,37,2017-08-20,0,,1,2022-11-26,2022-11-26
82,82,5,37,2017-08-21,0,,1,2022-11-26,2022-11-26
83,83,5,37,2017-08-22,0,,1,2022-11-26,2022-11-26
84,84,5,37,2017-08-23,0,,1,2022-11-26,2022-11-26
85,85,5,37,2017-08-24,0,,1,2022-11-26,2022-11-26
86,86,5,37,2017-08-25,0,,1,2022-11-26,2022-11-26
87,87,5,37,2017-08-26,0,,1,2022-11-26,2022-11-26
88,88,5,37,2017-08-27,0,,1,2022-11-26,2022-11-26
89,89,5,37,2017-08-28,0,,1,2022-11-26,2022-11-26
90,90,5,37,2017-08-29,0,,1,2022-11-26,2022-11-26
91,91,5,38,2017-08-30,0,,1,2022-11-26,2022-11-26
92,92,5,38,2017-08-31,0,,1,2022-11-26,2022-11-26
93,93,5,38,2017-09-01,0,,1,2022-11-26,2022-11-26
94,94,5,38,2017-09-02,0,,1,2022-11-26,2022-11-26
95,95,5,38,2017-09-03,0,,1,2022-11-26,2022-11-26
96,96,5,38,2017-09-04,0,,1,2022-11-26,2022-11-26
97,97,5,38,2017-09-05,0,,1,2022-11-26,2022-11-26
98,98,5,38,2017-09-06,0,,1,2022-11-26,2022-11-26
99,99,5,38,2017-09-07,0,,1,2022-11-26,2022-11-26
100,100,5,38,2017-09-08,0,,1,2022-11-26,2022-11-26
101,101,5,38,2017-09-09,0,,1,2022-11-26,2022-11-26
102,102,5,38,2017-09-10,0,,1,2022-11-26,2022-11-26
103,103,5,38,2017-09-11,0,,1,2022-11-26,2022-11-26
104,104,5,38,2017-09-12,0,,1,2022-11-26,2022-11-26
105,105,5,38,2017-09-13,0,,1,2022-11-26,2022-11-26
106,106,5,38,2017-09-14,0,,1,2022-11-26,2022-11-26
107,107,5,38,2017-09-15,0,,1,2022-11-26,2022-11-26
108,108,5,38,2017-09-16,0,,1,2022-11-26,2022-11-26
109,109,5,38,2017-09-17,0,,1,2022-11-26,2022-11-26
110,110,5,38,2017-09-18,0,,1,2022-11-26,2022-11-26
111,111,5,38,2017-09-19,0,,1,2022-11-26,2022-11-26
112,112,5,38,2017-09-20,0,,1,2022-11-26,2022-11-26
113,113,5,38,2017-09-21,0,,1,2022-11-26,2022-11-26
114,114,5,38,2017-09-22,0,,1,2022-11-26,2022-11-26
115,115,5,38,2017-09-23,0,,1,2022-11-26,2022-11-26
116,116,5,38,2017-09-24,0,,1,2022-11-26,2022-11-26
117,117,5,38,2017-09-25,0,,1,2022-11-26,2022-11-26
118,118,5,38,2017-09-26,0,,1,2022-11-26,2022-11-26
119,119,5,38,2017-09-27,0,,1,2022-11-26,2022-11-26
120,120,5,38,2017-09-28,0,,1,2022-11-26,2022-11-26
121,121,5,39,2017-09-29,0,,1,2022-11-26,2022-11-26
122,122,6,39,2017-09-30,0,,1,2022-11-26,2022-11-26
123,123,6,39,2017-10-01,0,,1,2022-11-26,2022-11-26
124,124,6,39,2017-10-02,0,,1,2022-11-26,2022-11-26
125,125,6,39,2017-10-03,0,,1,2022-11-26,2022-11-26
126,126,6,39,2017-10-04,0,,1,2022-11-26,2022-11-26
127,127,6,39,2017-10-05,0,,1,2022-11-26,2022-11-26
128,128,6,39,2017-10-06,0,,1,2022-11-26,2022-11-26
129,129,6,39,2017-10-07,0,,1,2022-11-26,2022-11-26
130,130,6,39,2017-10-08,0,,1,2022-11-26,2022-11-26
131,131,6,39,2017-10-09,0,,1,2022-11-26,2022-11-26
132,132,6,39,2017-10-10,0,,1,2022-11-26,2022-11-26
133,133,6,39,2017-10-11,0,,1,2022-11-26,2022-11-26
134,134,6,39,2017-10-12,0,,1,2022-11-26,2022-11-26
135,135,6,39,2017-10-13,0,,1,2022-11-26,2022-11-26
136,136,6,39,2017-10-14,0,,1,2022-11-26,2022-11-26
137,137,6,39,2017-10-15,0,,1,2022-11-26,2022-11-26
138,138,6,39,2017-10-16,0,,1,2022-11-26,2022-11-26
139,139,6,39,2017-10-17,0,,1,2022-11-26,2022-11-26
140,140,6,39,2017-10-18,0,,1,2022-11-26,2022-11-26
141,141,6,39,2017-10-19,0,,1,2022-11-26,2022-11-26
142,142,6,39,2017-10-20,0,,1,2022-11-26,2022-11-26
143,143,6,39,2017-10-21,0,,1,2022-11-26,2022-11-26
144,144,6,39,2017-10-22,0,,1,2022-11-26,2022-11-26
145,145,6,39,2017-10-23,0,,1,2022-11-26,2022-11-26
146,146,6,39,2017-10-24,0,,1,2022-11-26,2022-11-26
147,147,6,39,2017-10-25,0,,1,2022-11-26,2022-11-26
148,148,6,39,2017-10-26,0,,1,2022-11-26,2022-11-26
149,149,6,39,2017-10-27,0,,1,2022-11-26,2022-11-26
150,150,6,39,2017-10-28,0,,1,2022-11-26,2022-11-26
151,151,6,40,2017-10-29,0,,1,2022-11-26,2022-11-26
152,152,6,40,2017-10-30,0,,1,2022-11-26,2022-11-26
153,153,6,40,2017-10-31,0,,1,2022-11-26,2022-11-26
154,154,6,40,2017-11-01,0,,1,2022-11-26,2022-11-26
155,155,6,40,2017-11-02,0,,1,2022-11-26,2022-11-26
156,156,6,40,2017-11-03,0,,1,2022-11-26,2022-11-26
157,157,6,40,2017-11-04,0,,1,2022-11-26,2022-11-26
158,158,6,40,2017-11-05,0,,1,2022-11-26,2022-11-26
159,159,6,40,2017-11-06,0,,1,2022-11-26,2022-11-26
160,160,6,40,2017-11-07,0,,1,2022-11-26,2022-11-26
161,161,6,40,2017-11-08,0,,1,2022-11-26,2022-11-26
162,162,6,40,2017-11-09,0,,1,2022-11-26,2022-11-26
163,163,6,40,2017-11-10,0,,1,2022-11-26,2022-11-26
164,164,6,40,2017-11-11,0,,1,2022-11-26,2022-11-26
165,165,6,40,2017-11-12,0,,1,2022-11-26,2022-11-26
166,166,6,40,2017-11-13,0,,1,2022-11-26,2022-11-26
167,167,6,40,2017-11-14,0,,1,2022-11-26,2022-11-26
168,168,6,40,2017-11-15,0,,1,2022-11-26,2022-11-26
169,169,6,40,2017-11-16,0,,1,2022-11-26,2022-11-26
170,170,6,40,2017-11-17,0,,1,2022-11-26,2022-11-26
171,171,6,40,2017-11-18,0,,1,2022-11-26,2022-11-26
172,172,6,40,2017-11-19,0,,1,2022-11-26,2022-11-26
173,173,6,40,2017-11-20,0,,1,2022-11-26,2022-11-26
174,174,6,40,2017-11-21,0,,1,2022-11-26,2022-11-26
175,175,6,40,2017-11-22,0,,1,2022-11-26,2022-11-26
176,176,6,40,2017-11-23,0,,1,2022-11-26,2022-11-26
177,177,6,40,2017-11-24,0,,1,2022-11-26,2022-11-26
178,178,6,40,2017-11-25,0,,1,2022-11-26,2022-11-26
179,179,6,40,2017-11-26,0,,1,2022-11-26,2022-11-26
180,180,6,40,2017-11-27,0,,1,2022-11-26,2022-11-26
181,181,6,41,2017-11-28,0,,1,2022-11-26,2022-11-26
182,182,6,41,2017-11-29,0,,1,2022-11-26,2022-11-26
183,183,6,41,2017-11-30,0,,1,2022-11-26,2022-11-26
184,184,6,41,2017-12-01,0,,1,2022-11-26,2022-11-26
185,185,6,41,2017-12-02,0,,1,2022-11-26,2022-11-26
186,186,6,41,2017-12-03,0,,1,2022-11-26,2022-11-26
187,187,6,41,2017-12-04,0,,1,2022-11-26,2022-11-26
188,188,6,41,2017-12-05,0,,1,2022-11-26,2022-11-26
189,189,6,41,2017-12-06,0,,1,2022-11-26,2022-11-26
190,190,6,41,2017-12-07,0,,1,2022-11-26,2022-11-26
191,191,6,41,2017-12-08,0,,1,2022-11-26,2022-11-26
192,192,6,41,2017-12-09,0,,1,2022-11-26,2022-11-26
193,193,6,41,2017-12-10,0,,1,2022-11-26,2022-11-26
194,194,6,41,2017-12-11,0,,1,2022-11-26,2022-11-26
195,195,6,41,2017-12-12,0,,1,2022-11-26,2022-11-26
196,196,6,41,2017-12-13,0,,1,2022-11-26,2022-11-26
197,197,6,41,2017-12-14,0,,1,2022-11-26,2022-11-26
198,198,6,41,2017-12-15,0,,1,2022-11-26,2022-11-26
199,199,6,41,2017-12-16,0,,1,2022-11-26,2022-11-26
200,200,6,41,2017-12-17,0,,1,2022-11-26,2022-11-26
201,201,6,41,2017-12-18,0,,1,2022-11-26,2022-11-26
202,202,6,41,2017-12-19,0,,1,2022-11-26,2022-11-26
203,203,6,41,2017-12-20,0,,1,2022-11-26,2022-11-26
204,204,6,41,2017-12-21,0,,1,2022-11-26,2022-11-26
205,205,6,41,2017-12-22,0,,1,2022-11-26,2022-11-26
206,206,6,41,2017-12-23,0,,1,2022-11-26,2022-11-26
207,207,6,41,2017-12-24,0,,1,2022-11-26,2022-11-26
208,208,6,41,2017-12-25,0,,1,2022-11-26,2022-11-26
209,209,6,41,2017-12-26,0,,1,2022-11-26,2022-11-26
210,210,6,41,2017-12-27,0,,1,2022-11-26,2022-11-26
211,211,6,42,2017-12-28,0,,1,2022-11-26,2022-11-26
212,212,6,42,2017-12-29,0,,1,2022-11-26,2022-11-26
213,213,6,42,2017-12-30,0,,1,2022-11-26,2022-11-26
214,214,6,42,2017-12-31,0,,1,2022-11-26,2022-11-26
215,215,6,42,2018-01-01,0,,1,2022-11-26,2022-11-26
216,216,6,42,2018-01-02,0,,1,2022-11-26,2022-11-26
217,217,6,42,2018-01-03,0,,1,2022-11-26,2022-11-26
218,218,6,42,2018-01-04,0,,1,2022-11-26,2022-11-26
219,219,6,42,2018-01-05,0,,1,2022-11-26,2022-11-26
220,220,6,42,2018-01-06,0,,1,2022-11-26,2022-11-26
221,221,6,42,2018-01-07,0,,1,2022-11-26,2022-11-26
222,222,6,42,2018-01-08,0,,1,2022-11-26,2022-11-26
223,223,6,42,2018-01-09,0,,1,2022-11-26,2022-11-26
224,224,6,42,2018-01-10,0,,1,2022-11-26,2022-11-26
225,225,6,42,2018-01-11,0,,1,2022-11-26,2022-11-26
226,226,6,42,2018-01-12,0,,1,2022-11-26,2022-11-26
227,227,6,42,2018-01-13,0,,1,2022-11-26,2022-11-26
228,228,6,42,2018-01-14,0,,1,2022-11-26,2022-11-26
229,229,6,42,2018-01-15,0,,1,2022-11-26,2022-11-26
230,230,6,42,2018-01-16,0,,1,2022-11-26,2022-11-26
231,231,6,42,2018-01-17,0,,1,2022-11-26,2022-11-26
232,232,6,42,2018-01-18,0,,1,2022-11-26,2022-11-26
233,233,6,42,2018-01-19,0,,1,2022-11-26,2022-11-26
234,234,6,42,2018-01-20,0,,1,2022-11-26,2022-11-26
235,235,6,42,2018-01-21,0,,1,2022-11-26,2022-11-26
236,236,6,42,2018-01-22,0,,1,2022-11-26,2022-11-26
237,237,6,42,2018-01-23,0,,1,2022-11-26,2022-11-26
238,238,6,42,2018-01-24,0,,1,2022-11-26,2022-11-26
239,239,6,42,2018-01-25,0,,1,2022-11-26,2022-11-26
240,240,6,42,2018-01-26,0,,1,2022-11-26,2022-11-26
241,241,6,43,2018-01-27,0,,1,2022-11-26,2022-11-26
242,242,6,43,2018-01-28,0,,1,2022-11-26,2022-11-26
243,243,6,43,2018-01-29,0,,1,2022-11-26,2022-11-26
244,244,6,43,2018-01-30,0,,1,2022-11-26,2022-11-26
245,245,6,43,2018-01-31,0,,1,2022-11-26,2022-11-26
246,246,6,43,2018-02-01,0,,1,2022-11-26,2022-11-26
247,247,6,43,2018-02-02,0,,1,2022-11-26,2022-11-26
248,248,6,43,2018-02-03,0,,1,2022-11-26,2022-11-26
249,249,6,43,2018-02-04,0,,1,2022-11-26,2022-11-26
250,250,6,43,2018-02-05,0,,1,2022-11-26,2022-11-26
251,251,6,43,2018-02-06,0,,1,2022-11-26,2022-11-26
252,252,6,43,2018-02-07,0,,1,2022-11-26,2022-11-26
253,253,6,43,2018-02-08,0,,1,2022-11-26,2022-11-26
254,254,6,43,2018-02-09,0,,1,2022-11-26,2022-11-26
255,255,6,43,2018-02-10,0,,1,2022-11-26,2022-11-26
256,256,6,43,2018-02-11,0,,1,2022-11-26,2022-11-26
257,257,6,43,2018-02-12,0,,1,2022-11-26,2022-11-26
258,258,6,43,2018-02-13,0,,1,2022-11-26,2022-11-26
259,259,6,43,2018-02-14,0,,1,2022-11-26,2022-11-26
260,260,6,43,2018-02-15,0,,1,2022-11-26,2022-11-26
261,261,6,43,2018-02-16,0,,1,2022-11-26,2022-11-26
262,262,6,43,2018-02-17,0,,1,2022-11-26,2022-11-26
263,263,6,43,2018-02-18,0,,1,2022-11-26,2022-11-26
264,264,6,43,2018-02-19,0,,1,2022-11-26,2022-11-26
265,265,6,43,2018-02-20,0,,1,2022-11-26,2022-11-26
266,266,6,43,2018-02-21,0,,1,2022-11-26,2022-11-26
267,267,6,43,2018-02-22,0,,1,2022-11-26,2022-11-26
268,268,6,43,2018-02-23,0,,1,2022-11-26,2022-11-26
269,269,6,43,2018-02-24,0,,1,2022-11-26,2022-11-26
270,270,6,43,2018-02-25,0,,1,2022-11-26,2022-11-26
271,271,6,44,2018-02-26,0,,1,2022-11-26,2022-11-26
272,272,6,44,2018-02-27,0,,1,2022-11-26,2022-11-26
273,273,6,44,2018-02-28,0,,1,2022-11-26,2022-11-26
274,274,6,44,2018-03-01,0,,1,2022-11-26,2022-11-26
275,275,6,44,2018-03-02,0,,1,2022-11-26,2022-11-26
276,276,6,44,2018-03-03,0,,1,2022-11-26,2022-11-26
277,277,6,44,2018-03-04,0,,1,2022-11-26,2022-11-26
278,278,6,44,2018-03-05,0,,1,2022-11-26,2022-11-26
279,279,6,44,2018-03-06,0,,1,2022-11-26,2022-11-26
280,280,6,44,2018-03-07,0,,1,2022-11-26,2022-11-26
281,281,6,44,2018-03-08,0,,1,2022-11-26,2022-11-26
282,282,6,44,2018-03-09,0,,1,2022-11-26,2022-11-26
283,283,6,44,2018-03-10,0,,1,2022-11-26,2022-11-26
284,284,6,44,2018-03-11,0,,1,2022-11-26,2022-11-26
285,285,6,44,2018-03-12,0,,1,2022-11-26,2022-11-26
286,286,6,44,2018-03-13,0,,1,2022-11-26,2022-11-26
287,287,6,44,2018-03-14,0,,1,2022-11-26,2022-11-26
288,288,6,44,2018-03-15,0,,1,2022-11-26,2022-11-26
289,289,6,44,2018-03-16,0,,1,2022-11-26,2022-11-26
290,290,6,44,2018-03-17,0,,1,2022-11-26,2022-11-26
291,291,6,44,2018-03-18,0,,1,2022-11-26,2022-11-26
292,292,6,44,2018-03-19,0,,1,2022-11-26,2022-11-26
293,293,6,44,2018-03-20,0,,1,2022-11-26,2022-11-26
294,294,6,44,2018-03-21,0,,1,2022-11-26,2022-11-26
295,295,6,44,2018-03-22,0,,1,2022-11-26,2022-11-26
296,296,6,44,2018-03-23,0,,1,2022-11-26,2022-11-26
297,297,6,44,2018-03-24,0,,1,2022-11-26,2022-11-26
298,298,6,44,2018-03-25,0,,1,2022-11-26,2022-11-26
299,299,6,44,2018-03-26,0,,1,2022-11-26,2022-11-26
300,300,6,44,2018-03-27,0,,1,2022-11-26,2022-11-26
301,301,6,45,2018-03-28,0,,1,2022-11-26,2022-11-26
302,302,6,45,2018-03-29,0,,1,2022-11-26,2022-11-26
303,303,6,45,2018-03-30,0,,1,2022-11-26,2022-11-26
304,304,6,45,2018-03-31,0,,1,2022-11-26,2022-11-26
305,305,6,45,2018-04-01,0,,1,2022-11-26,2022-11-26
306,306,6,45,2018-04-02,0,,1,2022-11-26,2022-11-26
307,307,6,45,2018-04-03,0,,1,2022-11-26,2022-11-26
308,308,6,45,2018-04-04,0,,1,2022-11-26,2022-11-26
309,309,6,45,2018-04-05,0,,1,2022-11-26,2022-11-26
310,310,6,45,2018-04-06,0,,1,2022-11-26,2022-11-26
311,311,6,45,2018-04-07,0,,1,2022-11-26,2022-11-26
312,312,6,45,2018-04-08,0,,1,2022-11-26,2022-11-26
313,313,6,45,2018-04-09,0,,1,2022-11-26,2022-11-26
314,314,6,45,2018-04-10,0,,1,2022-11-26,2022-11-26
315,315,6,45,2018-04-11,0,,1,2022-11-26,2022-11-26
316,316,6,45,2018-04-12,0,,1,2022-11-26,2022-11-26
317,317,6,45,2018-04-13,0,,1,2022-11-26,2022-11-26
318,318,6,45,2018-04-14,0,,1,2022-11-26,2022-11-26
319,319,6,45,2018-04-15,0,,1,2022-11-26,2022-11-26
320,320,6,45,2018-04-16,0,,1,2022-11-26,2022-11-26
321,321,6,45,2018-04-17,0,,1,2022-11-26,2022-11-26
322,322,6,45,2018-04-18,0,,1,2022-11-26,2022-11-26
323,323,6,45,2018-04-19,0,,1,2022-11-26,2022-11-26
324,324,6,45,2018-04-20,0,,1,2022-11-26,2022-11-26
325,325,6,45,2018-04-21,0,,1,2022-11-26,2022-11-26
326,326,6,45,2018-04-22,0,,1,2022-11-26,2022-11-26
327,327,6,45,2018-04-23,0,,1,2022-11-26,2022-11-26
328,328,6,45,2018-04-24,0,,1,2022-11-26,2022-11-26
329,329,6,45,2018-04-25,0,,1,2022-11-26,2022-11-26
330,330,6,45,2018-04-26,0,,1,2022-11-26,2022-11-26
331,331,6,46,2018-04-27,0,,1,2022-11-26,2022-11-26
332,332,6,46,2018-04-28,0,,1,2022-11-26,2022-11-26
333,333,6,46,2018-04-29,0,,1,2022-11-26,2022-11-26
334,334,6,46,2018-04-30,0,,1,2022-11-26,2022-11-26
335,335,6,46,2018-05-01,0,,1,2022-11-26,2022-11-26
336,336,6,46,2018-05-02,0,,1,2022-11-26,2022-11-26
337,337,6,46,2018-05-03,0,,1,2022-11-26,2022-11-26
338,338,6,46,2018-05-04,0,,1,2022-11-26,2022-11-26
339,339,6,46,2018-05-05,0,,1,2022-11-26,2022-11-26
340,340,6,46,2018-05-06,0,,1,2022-11-26,2022-11-26
341,341,6,46,2018-05-07,0,,1,2022-11-26,2022-11-26
342,342,6,46,2018-05-08,0,,1,2022-11-26,2022-11-26
343,343,6,46,2018-05-09,0,,1,2022-11-26,2022-11-26
344,344,6,46,2018-05-10,0,,1,2022-11-26,2022-11-26
345,345,6,46,2018-05-11,0,,1,2022-11-26,2022-11-26
346,346,6,46,2018-05-12,0,,1,2022-11-26,2022-11-26
347,347,6,46,2018-05-13,0,,1,2022-11-26,2022-11-26
348,348,6,46,2018-05-14,0,,1,2022-11-26,2022-11-26
349,349,6,46,2018-05-15,0,,1,2022-11-26,2022-11-26
350,350,6,46,2018-05-16,0,,1,2022-11-26,2022-11-26
351,351,6,46,2018-05-17,0,,1,2022-11-26,2022-11-26
352,352,6,46,2018-05-18,0,,1,2022-11-26,2022-11-26
353,353,6,46,2018-05-19,0,,1,2022-11-26,2022-11-26
354,354,6,46,2018-05-20,0,,1,2022-11-26,2022-11-26
355,355,6,46,2018-05-21,0,,1,2022-11-26,2022-11-26
356,356,6,46,2018-05-22,0,,1,2022-11-26,2022-11-26
357,357,6,46,2018-05-23,0,,1,2022-11-26,2022-11-26
358,358,6,46,2018-05-24,0,,1,2022-11-26,2022-11-26
359,359,6,46,2018-05-25,0,,1,2022-11-26,2022-11-26
360,360,6,46,2018-05-26,0,,1,2022-11-26,2022-11-26
361,361,6,47,2018-05-27,0,,1,2022-11-26,2022-11-26
362,362,6,47,2018-05-28,0,,1,2022-11-26,2022-11-26
363,363,6,47,2018-05-29,0,,1,2022-11-26,2022-11-26
364,364,6,47,2018-05-30,0,,1,2022-11-26,2022-11-26
365,365,6,47,2018-05-31,0,,1,2022-11-26,2022-11-26
366,366,6,47,2018-06-01,0,,1,2022-11-26,2022-11-26
367,367,6,47,2017-06-01,0,,1,2022-11-26,2022-11-26
368,368,6,47,2017-06-02,0,,1,2022-11-26,2022-11-26
369,369,6,47,2017-06-03,0,,1,2022-11-26,2022-11-26
370,370,6,47,2017-06-04,0,,1,2022-11-26,2022-11-26
371,371,6,47,2017-06-05,0,,1,2022-11-26,2022-11-26
372,372,6,47,2017-06-06,0,,1,2022-11-26,2022-11-26
373,373,6,47,2017-06-07,0,,1,2022-11-26,2022-11-26
374,374,6,47,2017-06-08,0,,1,2022-11-26,2022-11-26
375,375,6,47,2017-06-09,0,,1,2022-11-26,2022-11-26
376,376,6,47,2017-06-10,0,,1,2022-11-26,2022-11-26
377,377,6,47,2017-06-11,0,,1,2022-11-26,2022-11-26
378,378,6,47,2017-06-12,0,,1,2022-11-26,2022-11-26
379,379,6,47,2017-06-13,0,,1,2022-11-26,2022-11-26
380,380,6,47,2017-06-14,0,,1,2022-11-26,2022-11-26
381,381,6,47,2017-06-15,0,,1,2022-11-26,2022-11-26
382,382,6,47,2017-06-16,0,,1,2022-11-26,2022-11-26
383,383,6,47,2017-06-17,0,,1,2022-11-26,2022-11-26
384,384,6,47,2017-06-18,0,,1,2022-11-26,2022-11-26
385,385,6,47,2017-06-19,0,,1,2022-11-26,2022-11-26
386,386,6,47,2017-06-20,0,,1,2022-11-26,2022-11-26
387,387,6,47,2017-06-21,0,,1,2022-11-26,2022-11-26
388,388,6,47,2017-06-22,0,,1,2022-11-26,2022-11-26
389,389,6,47,2017-06-23,0,,1,2022-11-26,2022-11-26
390,390,6,47,2017-06-24,0,,1,2022-11-26,2022-11-26
391,391,6,48,2017-06-25,0,,1,2022-11-26,2022-11-26
392,392,6,48,2017-06-26,0,,1,2022-11-26,2022-11-26
393,393,6,48,2017-06-27,0,,1,2022-11-26,2022-11-26
394,394,6,48,2017-06-28,0,,1,2022-11-26,2022-11-26
395,395,6,48,2017-06-29,0,,1,2022-11-26,2022-11-26
396,396,6,48,2017-06-30,0,,1,2022-11-26,2022-11-26
397,397,6,48,2017-07-01,0,,1,2022-11-26,2022-11-26
398,398,6,48,2017-07-02,0,,1,2022-11-26,2022-11-26
399,399,6,48,2017-07-03,0,,1,2022-11-26,2022-11-26
400,400,6,48,2017-07-04,0,,1,2022-11-26,2022-11-26
401,401,6,48,2017-07-05,0,,1,2022-11-26,2022-11-26
402,402,6,48,2017-07-06,0,,1,2022-11-26,2022-11-26
403,403,6,48,2017-07-07,0,,1,2022-11-26,2022-11-26
404,404,6,48,2017-07-08,0,,1,2022-11-26,2022-11-26
405,405,6,48,2017-07-09,0,,1,2022-11-26,2022-11-26
406,406,6,48,2017-07-10,0,,1,2022-11-26,2022-11-26
407,407,6,48,2017-07-11,0,,1,2022-11-26,2022-11-26
408,408,6,48,2017-07-12,0,,1,2022-11-26,2022-11-26
409,409,6,48,2017-07-13,0,,1,2022-11-26,2022-11-26
410,410,6,48,2017-07-14,0,,1,2022-11-26,2022-11-26
411,411,6,48,2017-07-15,0,,1,2022-11-26,2022-11-26
412,412,6,48,2017-07-16,0,,1,2022-11-26,2022-11-26
413,413,6,48,2017-07-17,0,,1,2022-11-26,2022-11-26
414,414,6,48,2017-07-18,0,,1,2022-11-26,2022-11-26
415,415,6,48,2017-07-19,0,,1,2022-11-26,2022-11-26
416,416,6,48,2017-07-20,0,,1,2022-11-26,2022-11-26
417,417,6,48,2017-07-21,0,,1,2022-11-26,2022-11-26
418,418,6,48,2017-07-22,0,,1,2022-11-26,2022-11-26
419,419,6,48,2017-07-23,0,,1,2022-11-26,2022-11-26
420,420,6,48,2017-07-24,0,,1,2022-11-26,2022-11-26
421,421,6,49,2017-07-25,0,,1,2022-11-26,2022-11-26
422,422,6,49,2017-07-26,0,,1,2022-11-26,2022-11-26
423,423,6,49,2017-07-27,0,,1,2022-11-26,2022-11-26
424,424,6,49,2017-07-28,0,,1,2022-11-26,2022-11-26
425,425,6,49,2017-07-29,0,,1,2022-11-26,2022-11-26
426,426,6,49,2017-07-30,0,,1,2022-11-26,2022-11-26
427,427,6,49,2017-07-31,0,,1,2022-11-26,2022-11-26
428,428,6,49,2017-08-01,0,,1,2022-11-26,2022-11-26
429,429,6,49,2017-08-02,0,,1,2022-11-26,2022-11-26
430,430,6,49,2017-08-03,0,,1,2022-11-26,2022-11-26
431,431,6,49,2017-08-04,0,,1,2022-11-26,2022-11-26
432,432,6,49,2017-08-05,0,,1,2022-11-26,2022-11-26
433,433,6,49,2017-08-06,0,,1,2022-11-26,2022-11-26
434,434,6,49,2017-08-07,0,,1,2022-11-26,2022-11-26
435,435,6,49,2017-08-08,0,,1,2022-11-26,2022-11-26
436,436,6,49,2017-08-09,0,,1,2022-11-26,2022-11-26
437,437,6,49,2017-08-10,0,,1,2022-11-26,2022-11-26
438,438,6,49,2017-08-11,0,,1,2022-11-26,2022-11-26
439,439,6,49,2017-08-12,0,,1,2022-11-26,2022-11-26
440,440,6,49,2017-08-13,0,,1,2022-11-26,2022-11-26
441,441,6,49,2017-08-14,0,,1,2022-11-26,2022-11-26
442,442,6,49,2017-08-15,0,,1,2022-11-26,2022-11-26
443,443,6,49,2017-08-16,0,,1,2022-11-26,2022-11-26
444,444,6,49,2017-08-17,0,,1,2022-11-26,2022-11-26
445,445,6,49,2017-08-18,0,,1,2022-11-26,2022-11-26
446,446,6,49,2017-08-19,0,,1,2022-11-26,2022-11-26
447,447,6,49,2017-08-20,0,,1,2022-11-26,2022-11-26
448,448,6,49,2017-08-21,0,,1,2022-11-26,2022-11-26
449,449,6,49,2017-08-22,0,,1,2022-11-26,2022-11-26
450,450,6,49,2017-08-23,0,,1,2022-11-26,2022-11-26
451,451,6,35,2017-08-24,0,,1,2022-11-26,2022-11-26
452,452,6,35,2017-08-25,0,,1,2022-11-26,2022-11-26
453,453,6,35,2017-08-26,0,,1,2022-11-26,2022-11-26
454,454,6,35,2017-08-27,0,,1,2022-11-26,2022-11-26
455,455,6,35,2017-08-28,0,,1,2022-11-26,2022-11-26
456,456,6,35,2017-08-29,0,,1,2022-11-26,2022-11-26
457,457,6,35,2017-08-30,0,,1,2022-11-26,2022-11-26
458,458,6,35,2017-08-31,0,,1,2022-11-26,2022-11-26
459,459,6,35,2017-09-01,0,,1,2022-11-26,2022-11-26
460,460,6,35,2017-09-02,0,,1,2022-11-26,2022-11-26
461,461,6,35,2017-09-03,0,,1,2022-11-26,2022-11-26
462,462,6,35,2017-09-04,0,,1,2022-11-26,2022-11-26
463,463,6,35,2017-09-05,0,,1,2022-11-26,2022-11-26
464,464,6,35,2017-09-06,0,,1,2022-11-26,2022-11-26
465,465,6,35,2017-09-07,0,,1,2022-11-26,2022-11-26
466,466,6,35,2017-09-08,0,,1,2022-11-26,2022-11-26
467,467,6,35,2017-09-09,0,,1,2022-11-26,2022-11-26
468,468,6,35,2017-09-10,0,,1,2022-11-26,2022-11-26
469,469,6,35,2017-09-11,0,,1,2022-11-26,2022-11-26
470,470,6,35,2017-09-12,0,,1,2022-11-26,2022-11-26
471,471,6,35,2017-09-13,0,,1,2022-11-26,2022-11-26
472,472,6,35,2017-09-14,0,,1,2022-11-26,2022-11-26
473,473,6,35,2017-09-15,0,,1,2022-11-26,2022-11-26
474,474,6,35,2017-09-16,0,,1,2022-11-26,2022-11-26
475,475,6,35,2017-09-17,0,,1,2022-11-26,2022-11-26
476,476,6,35,2017-09-18,0,,1,2022-11-26,2022-11-26
477,477,6,35,2017-09-19,0,,1,2022-11-26,2022-11-26
478,478,6,35,2017-09-20,0,,1,2022-11-26,2022-11-26
479,479,6,35,2017-09-21,0,,1,2022-11-26,2022-11-26
480,480,6,35,2017-09-22,0,,1,2022-11-26,2022-11-26
481,481,6,36,2017-09-23,0,,1,2022-11-26,2022-11-26
482,482,6,36,2017-09-24,0,,1,2022-11-26,2022-11-26
483,483,6,36,2017-09-25,0,,1,2022-11-26,2022-11-26
484,484,6,36,2017-09-26,0,,1,2022-11-26,2022-11-26
485,485,6,36,2017-09-27,0,,1,2022-11-26,2022-11-26
486,486,6,36,2017-09-28,0,,1,2022-11-26,2022-11-26
487,487,6,36,2017-09-29,0,,1,2022-11-26,2022-11-26
488,488,6,36,2017-09-30,0,,1,2022-11-26,2022-11-26
489,489,6,36,2017-10-01,0,,1,2022-11-26,2022-11-26
490,490,6,36,2017-10-02,0,,1,2022-11-26,2022-11-26
491,491,6,36,2017-10-03,0,,1,2022-11-26,2022-11-26
492,492,6,36,2017-10-04,0,,1,2022-11-26,2022-11-26
493,493,6,36,2017-10-05,0,,1,2022-11-26,2022-11-26
494,494,6,36,2017-10-06,0,,1,2022-11-26,2022-11-26
495,495,6,36,2017-10-07,0,,1,2022-11-26,2022-11-26
496,496,6,36,2017-10-08,0,,1,2022-11-26,2022-11-26
497,497,6,36,2017-10-09,0,,1,2022-11-26,2022-11-26
498,498,6,36,2017-10-10,0,,1,2022-11-26,2022-11-26
499,499,6,36,2017-10-11,0,,1,2022-11-26,2022-11-26
500,500,6,36,2017-10-12,0,,1,2022-11-26,2022-11-26
501,501,6,36,2017-10-13,0,,1,2022-11-26,2022-11-26
502,502,6,36,2017-10-14,0,,1,2022-11-26,2022-11-26
503,503,6,36,2017-10-15,0,,1,2022-11-26,2022-11-26
504,504,6,36,2017-10-16,0,,1,2022-11-26,2022-11-26
505,505,6,36,2017-10-17,0,,1,2022-11-26,2022-11-26
506,506,6,36,2017-10-18,0,,1,2022-11-26,2022-11-26
507,507,6,36,2017-10-19,0,,1,2022-11-26,2022-11-26
508,508,6,36,2017-10-20,0,,1,2022-11-26,2022-11-26
509,509,6,36,2017-10-21,0,,1,2022-11-26,2022-11-26
510,510,6,36,2017-10-22,0,,1,2022-11-26,2022-11-26
511,511,6,36,2017-10-23,0,,1,2022-11-26,2022-11-26
512,512,6,36,2017-10-24,0,,1,2022-11-26,2022-11-26
513,513,6,36,2017-10-25,0,,1,2022-11-26,2022-11-26
514,514,6,36,2017-10-26,0,,1,2022-11-26,2022-11-26
515,515,6,36,2017-10-27,0,,1,2022-11-26,2022-11-26
516,516,6,36,2017-10-28,0,,1,2022-11-26,2022-11-26
517,517,6,36,2017-10-29,0,,1,2022-11-26,2022-11-26
518,518,6,36,2017-10-30,0,,1,2022-11-26,2022-11-26
519,519,6,36,2017-10-31,0,,1,2022-11-26,2022-11-26
520,520,6,36,2017-11-01,0,,1,2022-11-26,2022-11-26
521,521,6,37,2017-11-02,0,,1,2022-11-26,2022-11-26
522,522,6,38,2017-11-03,0,,1,2022-11-26,2022-11-26
523,523,6,39,2017-11-04,0,,1,2022-11-26,2022-11-26
524,524,6,40,2017-11-05,0,,1,2022-11-26,2022-11-26
525,525,6,41,2017-11-06,0,,1,2022-11-26,2022-11-26
526,526,6,42,2017-11-07,0,,1,2022-11-26,2022-11-26
527,527,6,43,2017-11-08,0,,1,2022-11-26,2022-11-26
528,528,6,44,2017-11-09,0,,1,2022-11-26,2022-11-26
529,529,6,45,2017-11-10,0,,1,2022-11-26,2022-11-26
530,530,6,46,2017-11-11,0,,1,2022-11-26,2022-11-26
531,531,6,47,2017-11-12,0,,1,2022-11-26,2022-11-26
532,532,6,48,2017-11-13,0,,1,2022-11-26,2022-11-26
533,533,6,49,2017-11-14,0,,1,2022-11-26,2022-11-26
534,534,6,35,2017-11-15,0,,1,2022-11-26,2022-11-26
535,535,6,36,2017-11-16,0,,1,2022-11-26,2022-11-26
536,536,6,37,2017-11-17,0,,1,2022-11-26,2022-11-26
537,537,6,38,2017-11-18,0,,1,2022-11-26,2022-11-26
538,538,6,39,2017-11-19,0,,1,2022-11-26,2022-11-26
539,539,6,40,2017-11-20,0,,1,2022-11-26,2022-11-26
540,540,6,41,2017-11-21,0,,1,2022-11-26,2022-11-26
541,541,6,42,2017-11-22,0,,1,2022-11-26,2022-11-26
542,542,6,43,2017-11-23,0,,1,2022-11-26,2022-11-26
543,543,6,44,2017-11-24,0,,1,2022-11-26,2022-11-26
544,544,6,45,2017-11-25,0,,1,2022-11-26,2022-11-26
545,545,6,46,2017-11-26,0,,1,2022-11-26,2022-11-26
546,546,6,47,2017-11-27,0,,1,2022-11-26,2022-11-26
547,547,6,48,2017-11-28,0,,1,2022-11-26,2022-11-26
548,548,6,49,2017-11-29,0,,1,2022-11-26,2022-11-26
549,549,6,35,2017-11-30,0,,1,2022-11-26,2022-11-26
550,550,6,36,2017-12-01,0,,1,2022-11-26,2022-11-26
551,551,6,37,2017-12-02,0,,1,2022-11-26,2022-11-26
552,552,6,38,2017-12-03,0,,1,2022-11-26,2022-11-26
553,553,6,39,2017-12-04,0,,1,2022-11-26,2022-11-26
554,554,6,40,2017-12-05,0,,1,2022-11-26,2022-11-26
555,555,6,41,2017-12-06,0,,1,2022-11-26,2022-11-26
556,556,6,42,2017-12-07,0,,1,2022-11-26,2022-11-26
557,557,6,43,2017-12-08,0,,1,2022-11-26,2022-11-26
558,558,6,44,2017-12-09,0,,1,2022-11-26,2022-11-26
559,559,6,45,2017-12-10,0,,1,2022-11-26,2022-11-26
560,560,6,46,2017-12-11,0,,1,2022-11-26,2022-11-26
561,561,6,47,2017-12-12,0,,1,2022-11-26,2022-11-26
562,562,6,48,2017-12-13,0,,1,2022-11-26,2022-11-26
563,563,6,49,2017-12-14,0,,1,2022-11-26,2022-11-26
564,564,6,35,2017-12-15,0,,1,2022-11-26,2022-11-26
565,565,6,36,2017-12-16,0,,1,2022-11-26,2022-11-26
566,566,6,37,2017-12-17,0,,1,2022-11-26,2022-11-26
567,567,6,38,2017-12-18,0,,1,2022-11-26,2022-11-26
568,568,6,39,2017-12-19,0,,1,2022-11-26,2022-11-26
569,569,6,40,2017-12-20,0,,1,2022-11-26,2022-11-26
570,570,6,41,2017-12-21,0,,1,2022-11-26,2022-11-26
571,571,6,42,2017-12-22,0,,1,2022-11-26,2022-11-26
572,572,6,43,2017-12-23,0,,1,2022-11-26,2022-11-26
573,573,6,44,2017-12-24,0,,1,2022-11-26,2022-11-26
574,574,6,45,2017-12-25,0,,1,2022-11-26,2022-11-26
575,575,6,46,2017-12-26,0,,1,2022-11-26,2022-11-26
576,576,6,47,2017-12-27,0,,1,2022-11-26,2022-11-26
577,577,6,48,2017-12-28,0,,1,2022-11-26,2022-11-26
578,578,6,49,2017-12-29,0,,1,2022-11-26,2022-11-26
579,579,6,35,2017-12-30,0,,1,2022-11-26,2022-11-26
580,580,6,36,2017-12-31,0,,1,2022-11-26,2022-11-26
581,581,6,37,2018-01-01,0,,1,2022-11-26,2022-11-26
582,582,6,38,2018-01-02,0,,1,2022-11-26,2022-11-26
583,583,6,39,2018-01-03,0,,1,2022-11-26,2022-11-26
584,584,6,40,2018-01-04,0,,1,2022-11-26,2022-11-26
585,585,6,41,2018-01-05,0,,1,2022-11-26,2022-11-26
586,586,6,42,2018-01-06,0,,1,2022-11-26,2022-11-26
587,587,6,43,2018-01-07,0,,1,2022-11-26,2022-11-26
588,588,6,44,2018-01-08,0,,1,2022-11-26,2022-11-26
589,589,6,45,2018-01-09,0,,1,2022-11-26,2022-11-26
590,590,6,46,2018-01-10,0,,1,2022-11-26,2022-11-26
591,591,6,47,2018-01-11,0,,1,2022-11-26,2022-11-26
592,592,6,48,2018-01-12,0,,1,2022-11-26,2022-11-26
593,593,6,49,2018-01-13,0,,1,2022-11-26,2022-11-26
594,594,6,35,2018-01-14,0,,1,2022-11-26,2022-11-26
595,595,6,36,2018-01-15,0,,1,2022-11-26,2022-11-26
596,596,6,37,2018-01-16,0,,1,2022-11-26,2022-11-26
597,597,6,38,2018-01-17,0,,1,2022-11-26,2022-11-26
598,598,6,39,2018-01-18,0,,1,2022-11-26,2022-11-26
599,599,6,40,2018-01-19,0,,1,2022-11-26,2022-11-26
600,600,6,41,2018-01-20,0,,1,2022-11-26,2022-11-26
601,601,6,42,2018-01-21,0,,1,2022-11-26,2022-11-26
602,602,6,43,2018-01-22,0,,1,2022-11-26,2022-11-26
603,603,6,44,2018-01-23,0,,1,2022-11-26,2022-11-26
604,604,6,45,2018-01-24,0,,1,2022-11-26,2022-11-26
605,605,6,46,2018-01-25,0,,1,2022-11-26,2022-11-26
606,606,6,47,2018-01-26,0,,1,2022-11-26,2022-11-26
607,607,6,48,2018-01-27,0,,1,2022-11-26,2022-11-26
608,608,6,49,2018-01-28,0,,1,2022-11-26,2022-11-26
609,609,7,35,2018-01-29,0,,1,2022-11-26,2022-11-26
610,610,7,36,2018-01-30,0,,1,2022-11-26,2022-11-26
611,611,7,37,2018-01-31,0,,1,2022-11-26,2022-11-26
612,612,7,38,2018-02-01,0,,1,2022-11-26,2022-11-26
613,613,7,39,2018-02-02,0,,1,2022-11-26,2022-11-26
614,614,7,40,2018-02-03,0,,1,2022-11-26,2022-11-26
615,615,7,41,2018-02-04,0,,1,2022-11-26,2022-11-26
616,616,7,42,2018-02-05,0,,1,2022-11-26,2022-11-26
617,617,7,43,2018-02-06,0,,1,2022-11-26,2022-11-26
618,618,7,44,2018-02-07,0,,1,2022-11-26,2022-11-26
619,619,7,45,2018-02-08,0,,1,2022-11-26,2022-11-26
620,620,7,46,2018-02-09,0,,1,2022-11-26,2022-11-26
621,621,7,47,2018-02-10,0,,1,2022-11-26,2022-11-26
622,622,7,48,2018-02-11,0,,1,2022-11-26,2022-11-26
623,623,7,49,2018-02-12,0,,1,2022-11-26,2022-11-26
624,624,7,35,2018-02-13,0,,1,2022-11-26,2022-11-26
625,625,7,36,2018-02-14,0,,1,2022-11-26,2022-11-26
626,626,7,37,2018-02-15,0,,1,2022-11-26,2022-11-26
627,627,7,38,2018-02-16,0,,1,2022-11-26,2022-11-26
628,628,7,39,2018-02-17,0,,1,2022-11-26,2022-11-26
629,629,7,40,2018-02-18,0,,1,2022-11-26,2022-11-26
630,630,7,41,2018-02-19,0,,1,2022-11-26,2022-11-26
631,631,7,42,2018-02-20,0,,1,2022-11-26,2022-11-26
632,632,7,43,2018-02-21,0,,1,2022-11-26,2022-11-26
633,633,7,44,2018-02-22,0,,1,2022-11-26,2022-11-26
634,634,7,45,2018-02-23,0,,1,2022-11-26,2022-11-26
635,635,7,46,2018-02-24,0,,1,2022-11-26,2022-11-26
636,636,7,47,2018-02-25,0,,1,2022-11-26,2022-11-26
637,637,7,48,2018-02-26,0,,1,2022-11-26,2022-11-26
638,638,7,49,2018-02-27,0,,1,2022-11-26,2022-11-26
639,639,7,35,2018-02-28,0,,1,2022-11-26,2022-11-26
640,640,7,36,2018-03-01,0,,1,2022-11-26,2022-11-26
641,641,7,37,2018-03-02,0,,1,2022-11-26,2022-11-26
642,642,7,38,2018-03-03,0,,1,2022-11-26,2022-11-26
643,643,7,39,2018-03-04,0,,1,2022-11-26,2022-11-26
644,644,7,40,2018-03-05,0,,1,2022-11-26,2022-11-26
645,645,7,41,2018-03-06,0,,1,2022-11-26,2022-11-26
646,646,7,42,2018-03-07,0,,1,2022-11-26,2022-11-26
647,647,7,43,2018-03-08,0,,1,2022-11-26,2022-11-26
648,648,7,44,2018-03-09,0,,1,2022-11-26,2022-11-26
649,649,7,45,2018-03-10,0,,1,2022-11-26,2022-11-26
650,650,7,46,2018-03-11,0,,1,2022-11-26,2022-11-26
651,651,7,47,2018-03-12,0,,1,2022-11-26,2022-11-26
652,652,7,48,2018-03-13,0,,1,2022-11-26,2022-11-26
653,653,7,49,2018-03-14,0,,1,2022-11-26,2022-11-26
654,654,7,35,2018-03-15,0,,1,2022-11-26,2022-11-26
655,655,7,36,2018-03-16,0,,1,2022-11-26,2022-11-26
656,656,7,37,2018-03-17,0,,1,2022-11-26,2022-11-26
657,657,7,38,2018-03-18,0,,1,2022-11-26,2022-11-26
658,658,7,39,2018-03-19,0,,1,2022-11-26,2022-11-26
659,659,7,40,2018-03-20,0,,1,2022-11-26,2022-11-26
660,660,7,41,2018-03-21,0,,1,2022-11-26,2022-11-26
661,661,7,42,2018-03-22,0,,1,2022-11-26,2022-11-26
662,662,7,43,2018-03-23,0,,1,2022-11-26,2022-11-26
663,663,7,44,2018-03-24,0,,1,2022-11-26,2022-11-26
664,664,7,45,2018-03-25,0,,1,2022-11-26,2022-11-26
665,665,7,46,2018-03-26,0,,1,2022-11-26,2022-11-26
666,666,7,47,2018-03-27,0,,1,2022-11-26,2022-11-26
667,667,7,48,2018-03-28,0,,1,2022-11-26,2022-11-26
668,668,7,49,2018-03-29,0,,1,2022-11-26,2022-11-26
669,669,7,35,2018-03-30,0,,1,2022-11-26,2022-11-26
670,670,7,36,2018-03-31,0,,1,2022-11-26,2022-11-26
671,671,7,37,2018-04-01,0,,1,2022-11-26,2022-11-26
672,672,7,38,2018-04-02,0,,1,2022-11-26,2022-11-26
673,673,7,39,2018-04-03,0,,1,2022-11-26,2022-11-26
674,674,7,40,2018-04-04,0,,1,2022-11-26,2022-11-26
675,675,7,41,2018-04-05,0,,1,2022-11-26,2022-11-26
676,676,7,42,2018-04-06,0,,1,2022-11-26,2022-11-26
677,677,7,43,2018-04-07,0,,1,2022-11-26,2022-11-26
678,678,7,44,2018-04-08,0,,1,2022-11-26,2022-11-26
679,679,7,45,2018-04-09,0,,1,2022-11-26,2022-11-26
680,680,7,46,2018-04-10,0,,1,2022-11-26,2022-11-26
681,681,7,47,2018-04-11,0,,1,2022-11-26,2022-11-26
682,682,7,48,2018-04-12,0,,1,2022-11-26,2022-11-26
683,683,7,49,2018-04-13,0,,1,2022-11-26,2022-11-26
684,684,7,35,2018-04-14,0,,1,2022-11-26,2022-11-26
685,685,7,36,2018-04-15,0,,1,2022-11-26,2022-11-26
686,686,7,37,2018-04-16,0,,1,2022-11-26,2022-11-26
687,687,7,38,2018-04-17,0,,1,2022-11-26,2022-11-26
688,688,7,39,2018-04-18,0,,1,2022-11-26,2022-11-26
689,689,7,40,2018-04-19,0,,1,2022-11-26,2022-11-26
690,690,7,41,2018-04-20,0,,1,2022-11-26,2022-11-26
691,691,7,42,2018-04-21,0,,1,2022-11-26,2022-11-26
692,692,7,43,2018-04-22,0,,1,2022-11-26,2022-11-26
693,693,7,44,2018-04-23,0,,1,2022-11-26,2022-11-26
694,694,7,45,2018-04-24,0,,1,2022-11-26,2022-11-26
695,695,7,46,2018-04-25,0,,1,2022-11-26,2022-11-26
696,696,7,47,2018-04-26,0,,1,2022-11-26,2022-11-26
697,697,7,48,2018-04-27,0,,1,2022-11-26,2022-11-26
698,698,7,49,2018-04-28,0,,1,2022-11-26,2022-11-26
699,699,7,35,2018-04-29,0,,1,2022-11-26,2022-11-26
700,700,7,36,2018-04-30,0,,1,2022-11-26,2022-11-26
701,701,7,37,2018-05-01,0,,1,2022-11-26,2022-11-26
702,702,7,38,2018-05-02,0,,1,2022-11-26,2022-11-26
703,703,7,39,2018-05-03,0,,1,2022-11-26,2022-11-26
704,704,7,40,2018-05-04,0,,1,2022-11-26,2022-11-26
705,705,7,41,2018-05-05,0,,1,2022-11-26,2022-11-26
706,706,7,42,2018-05-06,0,,1,2022-11-26,2022-11-26
707,707,7,43,2018-05-07,0,,1,2022-11-26,2022-11-26
708,708,7,44,2018-05-08,0,,1,2022-11-26,2022-11-26
709,709,7,45,2018-05-09,0,,1,2022-11-26,2022-11-26
710,710,7,46,2018-05-10,0,,1,2022-11-26,2022-11-26
711,711,7,47,2018-05-11,0,,1,2022-11-26,2022-11-26
712,712,7,48,2018-05-12,0,,1,2022-11-26,2022-11-26
713,713,7,49,2018-05-13,0,,1,2022-11-26,2022-11-26
714,714,7,35,2018-05-14,0,,1,2022-11-26,2022-11-26
715,715,7,36,2018-05-15,0,,1,2022-11-26,2022-11-26
716,716,7,37,2018-05-16,0,,1,2022-11-26,2022-11-26
717,717,7,38,2018-05-17,0,,1,2022-11-26,2022-11-26
718,718,7,39,2018-05-18,0,,1,2022-11-26,2022-11-26
719,719,7,40,2018-05-19,0,,1,2022-11-26,2022-11-26
720,720,7,41,2018-05-20,0,,1,2022-11-26,2022-11-26
721,721,7,42,2018-05-21,0,,1,2022-11-26,2022-11-26
722,722,7,43,2018-05-22,0,,1,2022-11-26,2022-11-26
723,723,7,44,2018-05-23,0,,1,2022-11-26,2022-11-26
724,724,7,45,2018-05-24,0,,1,2022-11-26,2022-11-26
725,725,7,46,2018-05-25,0,,1,2022-11-26,2022-11-26
726,726,7,47,2018-05-26,0,,1,2022-11-26,2022-11-26
727,727,7,48,2018-05-27,0,,1,2022-11-26,2022-11-26
728,728,7,49,2018-05-28,0,,1,2022-11-26,2022-11-26
729,729,7,35,2018-05-29,0,,1,2022-11-26,2022-11-26
730,730,7,36,2018-05-30,0,,1,2022-11-26,2022-11-26
731,731,7,37,2018-05-31,0,,1,2022-11-26,2022-11-26
732,732,7,38,2018-06-01,0,,1,2022-11-26,2022-11-26
733,733,7,39,2017-06-01,0,,1,2022-11-26,2022-11-26
734,734,7,40,2017-06-02,0,,1,2022-11-26,2022-11-26
735,735,7,41,2017-06-03,0,,1,2022-11-26,2022-11-26
736,736,7,42,2017-06-04,0,,1,2022-11-26,2022-11-26
737,737,7,43,2017-06-05,0,,1,2022-11-26,2022-11-26
738,738,7,44,2017-06-06,0,,1,2022-11-26,2022-11-26
739,739,7,45,2017-06-07,0,,1,2022-11-26,2022-11-26
740,740,7,46,2017-06-08,0,,1,2022-11-26,2022-11-26
741,741,7,47,2017-06-09,0,,1,2022-11-26,2022-11-26
742,742,7,48,2017-06-10,0,,1,2022-11-26,2022-11-26
743,743,7,49,2017-06-11,0,,1,2022-11-26,2022-11-26
744,744,7,35,2017-06-12,0,,1,2022-11-26,2022-11-26
745,745,7,36,2017-06-13,0,,1,2022-11-26,2022-11-26
746,746,7,37,2017-06-14,0,,1,2022-11-26,2022-11-26
747,747,7,38,2017-06-15,0,,1,2022-11-26,2022-11-26
748,748,7,39,2017-06-16,0,,1,2022-11-26,2022-11-26
749,749,7,40,2017-06-17,0,,1,2022-11-26,2022-11-26
750,750,7,41,2017-06-18,0,,1,2022-11-26,2022-11-26
751,751,7,42,2017-06-19,0,,1,2022-11-26,2022-11-26
752,752,7,43,2017-06-20,0,,1,2022-11-26,2022-11-26
753,753,7,44,2017-06-21,0,,1,2022-11-26,2022-11-26
754,754,7,45,2017-06-22,0,,1,2022-11-26,2022-11-26
755,755,7,46,2017-06-23,0,,1,2022-11-26,2022-11-26
756,756,7,47,2017-06-24,0,,1,2022-11-26,2022-11-26
757,757,7,48,2017-06-25,0,,1,2022-11-26,2022-11-26
758,758,7,49,2017-06-26,0,,1,2022-11-26,2022-11-26
759,759,7,35,2017-06-27,0,,1,2022-11-26,2022-11-26
760,760,7,36,2017-06-28,0,,1,2022-11-26,2022-11-26
761,761,7,37,2017-06-29,0,,1,2022-11-26,2022-11-26
762,762,7,38,2017-06-30,0,,1,2022-11-26,2022-11-26
763,763,7,39,2017-07-01,0,,1,2022-11-26,2022-11-26
764,764,7,40,2017-07-02,0,,1,2022-11-26,2022-11-26
765,765,7,41,2017-07-03,0,,1,2022-11-26,2022-11-26
766,766,7,42,2017-07-04,0,,1,2022-11-26,2022-11-26
767,767,7,43,2017-07-05,0,,1,2022-11-26,2022-11-26
768,768,7,44,2017-07-06,0,,1,2022-11-26,2022-11-26
769,769,7,45,2017-07-07,0,,1,2022-11-26,2022-11-26
770,770,7,46,2017-07-08,0,,1,2022-11-26,2022-11-26
771,771,7,47,2017-07-09,0,,1,2022-11-26,2022-11-26
772,772,7,48,2017-07-10,0,,1,2022-11-26,2022-11-26
773,773,7,49,2017-07-11,0,,1,2022-11-26,2022-11-26
774,774,7,35,2017-07-12,0,,1,2022-11-26,2022-11-26
775,775,7,36,2017-07-13,0,,1,2022-11-26,2022-11-26
776,776,7,37,2017-07-14,0,,1,2022-11-26,2022-11-26
777,777,7,38,2017-07-15,0,,1,2022-11-26,2022-11-26
778,778,7,39,2017-07-16,0,,1,2022-11-26,2022-11-26
779,779,7,40,2017-07-17,0,,1,2022-11-26,2022-11-26
780,780,7,41,2017-07-18,0,,1,2022-11-26,2022-11-26
781,781,7,42,2017-07-19,0,,1,2022-11-26,2022-11-26
782,782,7,43,2017-07-20,0,,1,2022-11-26,2022-11-26
783,783,7,44,2017-07-21,0,,1,2022-11-26,2022-11-26
784,784,7,45,2017-07-22,0,,1,2022-11-26,2022-11-26
785,785,7,46,2017-07-23,0,,1,2022-11-26,2022-11-26
786,786,7,47,2017-07-24,0,,1,2022-11-26,2022-11-26
787,787,7,48,2017-07-25,0,,1,2022-11-26,2022-11-26
788,788,7,49,2017-07-26,0,,1,2022-11-26,2022-11-26
789,789,8,35,2017-07-27,0,,1,2022-11-26,2022-11-26
790,790,8,36,2017-07-28,0,,1,2022-11-26,2022-11-26
791,791,8,37,2017-07-29,0,,1,2022-11-26,2022-11-26
792,792,8,38,2017-07-30,0,,1,2022-11-26,2022-11-26
793,793,8,39,2017-07-31,0,,1,2022-11-26,2022-11-26
794,794,8,40,2017-08-01,0,,1,2022-11-26,2022-11-26
795,795,8,41,2017-08-02,0,,1,2022-11-26,2022-11-26
796,796,8,42,2017-08-03,0,,1,2022-11-26,2022-11-26
797,797,8,43,2017-08-04,0,,1,2022-11-26,2022-11-26
798,798,8,44,2017-08-05,0,,1,2022-11-26,2022-11-26
799,799,8,45,2017-08-06,0,,1,2022-11-26,2022-11-26
800,800,8,46,2017-08-07,0,,1,2022-11-26,2022-11-26
801,801,8,47,2017-08-08,0,,1,2022-11-26,2022-11-26
802,802,8,48,2017-08-09,0,,1,2022-11-26,2022-11-26
803,803,8,49,2017-08-10,0,,1,2022-11-26,2022-11-26
804,804,8,35,2017-08-11,0,,1,2022-11-26,2022-11-26
805,805,8,36,2017-08-12,0,,1,2022-11-26,2022-11-26
806,806,8,37,2017-08-13,0,,1,2022-11-26,2022-11-26
807,807,8,38,2017-08-14,0,,1,2022-11-26,2022-11-26
808,808,8,39,2017-08-15,0,,1,2022-11-26,2022-11-26
809,809,8,40,2017-08-16,0,,1,2022-11-26,2022-11-26
810,810,8,41,2017-08-17,0,,1,2022-11-26,2022-11-26
811,811,8,42,2017-08-18,0,,1,2022-11-26,2022-11-26
812,812,8,43,2017-08-19,0,,1,2022-11-26,2022-11-26
813,813,8,44,2017-08-20,0,,1,2022-11-26,2022-11-26
814,814,8,45,2017-08-21,0,,1,2022-11-26,2022-11-26
815,815,8,46,2017-08-22,0,,1,2022-11-26,2022-11-26
816,816,8,47,2017-08-23,0,,1,2022-11-26,2022-11-26
817,817,8,48,2017-08-24,0,,1,2022-11-26,2022-11-26
818,818,8,49,2017-08-25,0,,1,2022-11-26,2022-11-26
819,819,8,35,2017-08-26,0,,1,2022-11-26,2022-11-26
820,820,8,36,2017-08-27,0,,1,2022-11-26,2022-11-26
821,821,8,37,2017-08-28,0,,1,2022-11-26,2022-11-26
822,822,8,38,2017-08-29,0,,1,2022-11-26,2022-11-26
823,823,8,39,2017-08-30,0,,1,2022-11-26,2022-11-26
824,824,8,40,2017-08-31,0,,1,2022-11-26,2022-11-26
825,825,9,41,2017-09-01,0,,1,2022-11-26,2022-11-26
826,826,9,42,2017-09-02,0,,1,2022-11-26,2022-11-26
827,827,9,43,2017-09-03,0,,1,2022-11-26,2022-11-26
828,828,9,44,2017-09-04,0,,1,2022-11-26,2022-11-26
829,829,9,45,2017-09-05,0,,1,2022-11-26,2022-11-26
830,830,9,46,2017-09-06,0,,1,2022-11-26,2022-11-26
831,831,9,47,2017-09-07,0,,1,2022-11-26,2022-11-26
832,832,9,48,2017-09-08,0,,1,2022-11-26,2022-11-26
833,833,9,49,2017-09-09,0,,1,2022-11-26,2022-11-26
834,834,9,35,2017-09-10,0,,1,2022-11-26,2022-11-26
835,835,9,36,2017-09-11,0,,1,2022-11-26,2022-11-26
836,836,9,37,2017-09-12,0,,1,2022-11-26,2022-11-26
837,837,9,38,2017-09-13,0,,1,2022-11-26,2022-11-26
838,838,9,39,2017-09-14,0,,1,2022-11-26,2022-11-26
839,839,9,40,2017-09-15,0,,1,2022-11-26,2022-11-26
840,840,9,41,2017-09-16,0,,1,2022-11-26,2022-11-26
841,841,9,42,2017-09-17,0,,1,2022-11-26,2022-11-26
842,842,9,43,2017-09-18,0,,1,2022-11-26,2022-11-26
843,843,9,44,2017-09-19,0,,1,2022-11-26,2022-11-26
844,844,9,45,2017-09-20,0,,1,2022-11-26,2022-11-26
845,845,9,46,2017-09-21,0,,1,2022-11-26,2022-11-26
846,846,9,47,2017-09-22,0,,1,2022-11-26,2022-11-26
847,847,9,48,2017-09-23,0,,1,2022-11-26,2022-11-26
848,848,9,49,2017-09-24,0,,1,2022-11-26,2022-11-26
849,849,9,35,2017-09-25,0,,1,2022-11-26,2022-11-26
850,850,9,36,2017-09-26,0,,1,2022-11-26,2022-11-26
851,851,9,37,2017-09-27,0,,1,2022-11-26,2022-11-26
852,852,9,38,2017-09-28,0,,1,2022-11-26,2022-11-26
853,853,9,39,2017-09-29,0,,1,2022-11-26,2022-11-26
854,854,9,40,2017-09-30,0,,1,2022-11-26,2022-11-26
855,855,9,41,2017-10-01,0,,1,2022-11-26,2022-11-26
856,856,9,42,2017-10-02,0,,1,2022-11-26,2022-11-26
857,857,9,43,2017-10-03,0,,1,2022-11-26,2022-11-26
858,858,9,44,2017-10-04,0,,1,2022-11-26,2022-11-26
859,859,9,45,2017-10-05,0,,1,2022-11-26,2022-11-26
860,860,9,46,2017-10-06,0,,1,2022-11-26,2022-11-26
861,861,9,47,2017-10-07,0,,1,2022-11-26,2022-11-26
862,862,9,48,2017-10-08,0,,1,2022-11-26,2022-11-26
863,863,9,49,2017-10-09,0,,1,2022-11-26,2022-11-26
864,864,9,35,2017-10-10,0,,1,2022-11-26,2022-11-26
865,865,9,36,2017-10-11,0,,1,2022-11-26,2022-11-26
866,866,9,37,2017-10-12,0,,1,2022-11-26,2022-11-26
867,867,9,38,2017-10-13,0,,1,2022-11-26,2022-11-26
868,868,9,39,2017-10-14,0,,1,2022-11-26,2022-11-26
869,869,9,40,2017-10-15,0,,1,2022-11-26,2022-11-26
870,870,9,41,2017-10-16,0,,1,2022-11-26,2022-11-26
871,871,9,42,2017-10-17,0,,1,2022-11-26,2022-11-26
872,872,9,43,2017-10-18,0,,1,2022-11-26,2022-11-26
873,873,9,44,2017-10-19,0,,1,2022-11-26,2022-11-26
874,874,9,45,2017-10-20,0,,1,2022-11-26,2022-11-26
875,875,9,46,2017-10-21,0,,1,2022-11-26,2022-11-26
876,876,9,47,2017-10-22,0,,1,2022-11-26,2022-11-26
877,877,9,48,2017-10-23,0,,1,2022-11-26,2022-11-26
878,878,9,49,2017-10-24,0,,1,2022-11-26,2022-11-26
879,879,9,35,2017-10-25,0,,1,2022-11-26,2022-11-26
880,880,9,36,2017-10-26,0,,1,2022-11-26,2022-11-26
881,881,9,37,2017-10-27,0,,1,2022-11-26,2022-11-26
882,882,9,38,2017-10-28,0,,1,2022-11-26,2022-11-26
883,883,9,39,2017-10-29,0,,1,2022-11-26,2022-11-26
884,884,9,40,2017-10-30,0,,1,2022-11-26,2022-11-26
885,885,9,41,2017-10-31,0,,1,2022-11-26,2022-11-26
886,886,9,42,2017-11-01,0,,1,2022-11-26,2022-11-26
887,887,9,43,2017-11-02,0,,1,2022-11-26,2022-11-26
888,888,9,44,2017-11-03,0,,1,2022-11-26,2022-11-26
889,889,9,45,2017-11-04,0,,1,2022-11-26,2022-11-26
890,890,9,46,2017-11-05,0,,1,2022-11-26,2022-11-26
891,891,9,47,2017-11-06,0,,1,2022-11-26,2022-11-26
892,892,9,48,2017-11-07,0,,1,2022-11-26,2022-11-26
893,893,9,49,2017-11-08,0,,1,2022-11-26,2022-11-26
894,894,9,35,2017-11-09,0,,1,2022-11-26,2022-11-26
895,895,9,36,2017-11-10,0,,1,2022-11-26,2022-11-26
896,896,9,37,2017-11-11,0,,1,2022-11-26,2022-11-26
897,897,9,38,2017-11-12,0,,1,2022-11-26,2022-11-26
898,898,9,39,2017-11-13,0,,1,2022-11-26,2022-11-26
899,899,9,40,2017-11-14,0,,1,2022-11-26,2022-11-26
900,900,9,41,2017-11-15,0,,1,2022-11-26,2022-11-26
901,901,9,42,2017-11-16,0,,1,2022-11-26,2022-11-26
902,902,9,43,2017-11-17,0,,1,2022-11-26,2022-11-26
903,903,9,44,2017-11-18,0,,1,2022-11-26,2022-11-26
904,904,9,45,2017-11-19,0,,1,2022-11-26,2022-11-26
905,905,9,46,2017-11-20,0,,1,2022-11-26,2022-11-26
906,906,9,47,2017-11-21,0,,1,2022-11-26,2022-11-26
907,907,9,48,2017-11-22,0,,1,2022-11-26,2022-11-26
908,908,9,49,2017-11-23,0,,1,2022-11-26,2022-11-26
909,909,9,35,2017-11-24,0,,1,2022-11-26,2022-11-26
910,910,9,36,2017-11-25,0,,1,2022-11-26,2022-11-26
911,911,9,37,2017-11-26,0,,1,2022-11-26,2022-11-26
912,912,9,38,2017-11-27,0,,1,2022-11-26,2022-11-26
913,913,9,39,2017-11-28,0,,1,2022-11-26,2022-11-26
914,914,9,40,2017-11-29,0,,1,2022-11-26,2022-11-26
915,915,9,41,2017-11-30,0,,1,2022-11-26,2022-11-26
916,916,9,42,2017-12-01,0,,1,2022-11-26,2022-11-26
917,917,9,43,2017-12-02,0,,1,2022-11-26,2022-11-26
918,918,9,44,2017-12-03,0,,1,2022-11-26,2022-11-26
919,919,9,45,2017-12-04,0,,1,2022-11-26,2022-11-26
920,920,9,46,2017-12-05,0,,1,2022-11-26,2022-11-26
921,921,9,47,2017-12-06,0,,1,2022-11-26,2022-11-26
922,922,9,48,2017-12-07,0,,1,2022-11-26,2022-11-26
923,923,9,49,2017-12-08,0,,1,2022-11-26,2022-11-26
924,924,9,35,2017-12-09,0,,1,2022-11-26,2022-11-26
925,925,9,36,2017-12-10,0,,1,2022-11-26,2022-11-26
926,926,9,37,2017-12-11,0,,1,2022-11-26,2022-11-26
927,927,9,38,2017-12-12,0,,1,2022-11-26,2022-11-26
928,928,9,39,2017-12-13,0,,1,2022-11-26,2022-11-26
929,929,9,40,2017-12-14,0,,1,2022-11-26,2022-11-26
930,930,9,41,2017-12-15,0,,1,2022-11-26,2022-11-26
931,931,9,42,2017-12-16,0,,1,2022-11-26,2022-11-26
932,932,9,43,2017-12-17,0,,1,2022-11-26,2022-11-26
933,933,9,44,2017-12-18,0,,1,2022-11-26,2022-11-26
934,934,9,45,2017-12-19,0,,1,2022-11-26,2022-11-26
935,935,9,46,2017-12-20,0,,1,2022-11-26,2022-11-26
936,936,9,47,2017-12-21,0,,1,2022-11-26,2022-11-26
937,937,9,48,2017-12-22,0,,1,2022-11-26,2022-11-26
938,938,9,49,2017-12-23,0,,1,2022-11-26,2022-11-26
939,939,9,35,2017-12-24,0,,1,2022-11-26,2022-11-26
940,940,9,36,2017-12-25,0,,1,2022-11-26,2022-11-26
941,941,9,37,2017-12-26,0,,1,2022-11-26,2022-11-26
942,942,9,38,2017-12-27,0,,1,2022-11-26,2022-11-26
943,943,9,39,2017-12-28,0,,1,2022-11-26,2022-11-26
944,944,9,40,2017-12-29,0,,1,2022-11-26,2022-11-26
945,945,9,41,2017-12-30,0,,1,2022-11-26,2022-11-26
946,946,9,42,2017-12-31,0,,1,2022-11-26,2022-11-26
947,947,9,43,2018-01-01,0,,1,2022-11-26,2022-11-26
948,948,9,44,2018-01-02,0,,1,2022-11-26,2022-11-26
949,949,9,45,2018-01-03,0,,1,2022-11-26,2022-11-26
950,950,9,46,2018-01-04,0,,1,2022-11-26,2022-11-26
951,951,9,47,2018-01-05,0,,1,2022-11-26,2022-11-26
952,952,9,48,2018-01-06,0,,1,2022-11-26,2022-11-26
953,953,9,49,2018-01-07,0,,1,2022-11-26,2022-11-26
954,954,10,35,2018-01-08,0,,1,2022-11-26,2022-11-26
955,955,10,36,2018-01-09,0,,1,2022-11-26,2022-11-26
956,956,10,37,2018-01-10,0,,1,2022-11-26,2022-11-26
957,957,10,38,2018-01-11,0,,1,2022-11-26,2022-11-26
958,958,10,39,2018-01-12,0,,1,2022-11-26,2022-11-26
959,959,10,40,2018-01-13,0,,1,2022-11-26,2022-11-26
960,960,10,41,2018-01-14,0,,1,2022-11-26,2022-11-26
961,961,10,42,2018-01-15,0,,1,2022-11-26,2022-11-26
962,962,10,43,2018-01-16,0,,1,2022-11-26,2022-11-26
963,963,10,44,2018-01-17,0,,1,2022-11-26,2022-11-26
964,964,10,45,2018-01-18,0,,1,2022-11-26,2022-11-26
965,965,10,46,2018-01-19,0,,1,2022-11-26,2022-11-26
966,966,10,47,2018-01-20,0,,1,2022-11-26,2022-11-26
967,967,10,48,2018-01-21,0,,1,2022-11-26,2022-11-26
968,968,10,49,2018-01-22,0,,1,2022-11-26,2022-11-26
969,969,10,35,2018-01-23,0,,1,2022-11-26,2022-11-26
970,970,10,36,2018-01-24,0,,1,2022-11-26,2022-11-26
971,971,10,37,2018-01-25,0,,1,2022-11-26,2022-11-26
972,972,10,38,2018-01-26,0,,1,2022-11-26,2022-11-26
973,973,10,39,2018-01-27,0,,1,2022-11-26,2022-11-26
974,974,10,40,2018-01-28,0,,1,2022-11-26,2022-11-26
975,975,10,41,2018-01-29,0,,1,2022-11-26,2022-11-26
976,976,10,42,2018-01-30,0,,1,2022-11-26,2022-11-26
977,977,10,43,2018-01-31,0,,1,2022-11-26,2022-11-26
978,978,10,44,2018-02-01,0,,1,2022-11-26,2022-11-26
979,979,10,45,2018-02-02,0,,1,2022-11-26,2022-11-26
980,980,10,46,2018-02-03,0,,1,2022-11-26,2022-11-26
981,981,10,47,2018-02-04,0,,1,2022-11-26,2022-11-26
982,982,10,48,2018-02-05,0,,1,2022-11-26,2022-11-26
983,983,10,49,2018-02-06,0,,1,2022-11-26,2022-11-26
984,984,10,35,2018-02-07,0,,1,2022-11-26,2022-11-26
985,985,10,36,2018-02-08,0,,1,2022-11-26,2022-11-26
986,986,10,37,2018-02-09,0,,1,2022-11-26,2022-11-26
987,987,10,38,2018-02-10,0,,1,2022-11-26,2022-11-26
988,988,10,39,2018-02-11,0,,1,2022-11-26,2022-11-26
989,989,10,40,2018-02-12,0,,1,2022-11-26,2022-11-26
990,990,10,41,2018-02-13,0,,1,2022-11-26,2022-11-26
991,991,10,42,2018-02-14,0,,1,2022-11-26,2022-11-26
992,992,10,43,2018-02-15,0,,1,2022-11-26,2022-11-26
993,993,10,44,2018-02-16,0,,1,2022-11-26,2022-11-26
994,994,10,45,2018-02-17,0,,1,2022-11-26,2022-11-26
995,995,10,46,2018-02-18,0,,1,2022-11-26,2022-11-26
996,996,10,47,2018-02-19,0,,1,2022-11-26,2022-11-26
997,997,10,48,2018-02-20,0,,1,2022-11-26,2022-11-26
998,998,10,49,2018-02-21,0,,1,2022-11-26,2022-11-26
999,999,10,35,2018-02-22,0,,1,2022-11-26,2022-11-26
1000,1000,10,36,2018-02-23,0,,1,2022-11-26,2022-11-26
1001,1,35,26,2019-06-02,1,,1,2022-11-26,2022-11-26
1002,2,35,26,2019-06-03,1,,1,2022-11-26,2022-11-26
1003,3,35,26,2019-06-04,1,,1,2022-11-26,2022-11-26
1004,4,35,26,2019-06-05,1,,1,2022-11-26,2022-11-26
1005,5,35,26,2019-06-06,1,,1,2022-11-26,2022-11-26
1006,6,35,26,2019-06-07,1,,1,2022-11-26,2022-11-26
1007,7,35,26,2019-06-08,1,,1,2022-11-26,2022-11-26
1008,8,35,26,2019-06-09,1,,1,2022-11-26,2022-11-26
1009,9,35,26,2019-06-10,1,,1,2022-11-26,2022-11-26
1010,10,35,26,2019-06-11,1,,1,2022-11-26,2022-11-26
1011,11,35,26,2019-06-12,1,,1,2022-11-26,2022-11-26
1012,12,35,26,2019-06-13,1,,1,2022-11-26,2022-11-26
1013,13,35,26,2019-06-14,1,,1,2022-11-26,2022-11-26
1014,14,35,26,2019-06-15,1,,1,2022-11-26,2022-11-26
1015,15,35,26,2019-06-16,1,,1,2022-11-26,2022-11-26
1016,16,35,26,2019-06-17,1,,1,2022-11-26,2022-11-26
1017,17,35,26,2019-06-18,1,,1,2022-11-26,2022-11-26
1018,18,35,26,2019-06-19,1,,1,2022-11-26,2022-11-26
1019,19,35,26,2019-06-20,1,,1,2022-11-26,2022-11-26
1020,20,35,26,2019-06-21,1,,1,2022-11-26,2022-11-26
1021,21,35,27,2019-06-22,1,,1,2022-11-26,2022-11-26
1022,22,35,27,2019-06-23,1,,1,2022-11-26,2022-11-26
1023,23,35,27,2019-06-24,1,,1,2022-11-26,2022-11-26
1024,24,35,27,2019-06-25,1,,1,2022-11-26,2022-11-26
1025,25,35,27,2019-06-26,1,,1,2022-11-26,2022-11-26
1026,26,35,27,2019-06-27,1,,1,2022-11-26,2022-11-26
1027,27,35,27,2019-06-28,1,,1,2022-11-26,2022-11-26
1028,28,35,27,2019-06-29,1,,1,2022-11-26,2022-11-26
1029,29,35,27,2019-06-30,1,,1,2022-11-26,2022-11-26
1030,30,35,27,2019-07-01,1,,1,2022-11-26,2022-11-26
1031,31,36,27,2019-07-02,1,,1,2022-11-26,2022-11-26
1032,32,36,27,2019-07-03,1,,1,2022-11-26,2022-11-26
1033,33,36,27,2019-07-04,1,,1,2022-11-26,2022-11-26
1034,34,36,27,2019-07-05,1,,1,2022-11-26,2022-11-26
1035,35,36,27,2019-07-06,1,,1,2022-11-26,2022-11-26
1036,36,36,27,2019-07-07,1,,1,2022-11-26,2022-11-26
1037,37,36,27,2019-07-08,1,,1,2022-11-26,2022-11-26
1038,38,36,27,2019-07-09,1,,1,2022-11-26,2022-11-26
1039,39,36,27,2019-07-10,1,,1,2022-11-26,2022-11-26
1040,40,36,27,2019-07-11,1,,1,2022-11-26,2022-11-26
1041,41,36,28,2019-07-12,1,,1,2022-11-26,2022-11-26
1042,42,36,28,2019-07-13,1,,1,2022-11-26,2022-11-26
1043,43,36,28,2019-07-14,1,,1,2022-11-26,2022-11-26
1044,44,36,28,2019-07-15,1,,1,2022-11-26,2022-11-26
1045,45,36,28,2019-07-16,1,,1,2022-11-26,2022-11-26
1046,46,36,28,2019-07-17,1,,1,2022-11-26,2022-11-26
1047,47,36,28,2019-07-18,1,,1,2022-11-26,2022-11-26
1048,48,36,28,2019-07-19,1,,1,2022-11-26,2022-11-26
1049,49,36,28,2019-07-20,1,,1,2022-11-26,2022-11-26
1050,50,36,28,2019-07-21,1,,1,2022-11-26,2022-11-26
1051,51,36,28,2019-07-22,1,,1,2022-11-26,2022-11-26
1052,52,36,28,2019-07-23,1,,1,2022-11-26,2022-11-26
1053,53,36,28,2019-07-24,1,,1,2022-11-26,2022-11-26
1054,54,36,28,2019-07-25,1,,1,2022-11-26,2022-11-26
1055,55,36,28,2019-07-26,1,,1,2022-11-26,2022-11-26
1056,56,36,28,2019-07-27,1,,1,2022-11-26,2022-11-26
1057,57,36,28,2019-07-28,1,,1,2022-11-26,2022-11-26
1058,58,36,28,2019-07-29,1,,1,2022-11-26,2022-11-26
1059,59,36,28,2019-07-30,1,,1,2022-11-26,2022-11-26
1060,60,36,28,2019-07-31,1,,1,2022-11-26,2022-11-26
1061,61,37,29,2019-08-01,1,,1,2022-11-26,2022-11-26
1062,62,37,29,2019-08-02,1,,1,2022-11-26,2022-11-26
1063,63,37,29,2019-08-03,1,,1,2022-11-26,2022-11-26
1064,64,37,29,2019-08-04,1,,1,2022-11-26,2022-11-26
1065,65,37,29,2019-08-05,1,,1,2022-11-26,2022-11-26
1066,66,37,29,2019-08-06,1,,1,2022-11-26,2022-11-26
1067,67,37,29,2019-08-07,1,,1,2022-11-26,2022-11-26
1068,68,37,29,2019-08-08,1,,1,2022-11-26,2022-11-26
1069,69,37,29,2019-08-09,1,,1,2022-11-26,2022-11-26
1070,70,37,29,2019-08-10,1,,1,2022-11-26,2022-11-26
1071,71,37,29,2019-08-11,1,,1,2022-11-26,2022-11-26
1072,72,37,29,2019-08-12,1,,1,2022-11-26,2022-11-26
1073,73,37,29,2019-08-13,1,,1,2022-11-26,2022-11-26
1074,74,37,29,2019-08-14,1,,1,2022-11-26,2022-11-26
1075,75,37,29,2019-08-15,1,,1,2022-11-26,2022-11-26
1076,76,37,29,2019-08-16,1,,1,2022-11-26,2022-11-26
1077,77,37,29,2019-08-17,1,,1,2022-11-26,2022-11-26
1078,78,37,29,2019-08-18,1,,1,2022-11-26,2022-11-26
1079,79,37,29,2019-08-19,1,,1,2022-11-26,2022-11-26
1080,80,37,29,2019-08-20,1,,1,2022-11-26,2022-11-26
1081,81,37,30,2019-08-21,1,,1,2022-11-26,2022-11-26
1082,82,37,30,2019-08-22,1,,1,2022-11-26,2022-11-26
1083,83,37,30,2019-08-23,1,,1,2022-11-26,2022-11-26
1084,84,37,30,2019-08-24,1,,1,2022-11-26,2022-11-26
1085,85,37,30,2019-08-25,1,,1,2022-11-26,2022-11-26
1086,86,37,30,2019-08-26,1,,1,2022-11-26,2022-11-26
1087,87,37,30,2019-08-27,1,,1,2022-11-26,2022-11-26
1088,88,37,30,2019-08-28,1,,1,2022-11-26,2022-11-26
1089,89,37,30,2019-08-29,1,,1,2022-11-26,2022-11-26
1090,90,37,30,2019-08-30,1,,1,2022-11-26,2022-11-26
1091,91,38,30,2019-08-31,1,,1,2022-11-26,2022-11-26
1092,92,38,30,2019-09-01,1,,1,2022-11-26,2022-11-26
1093,93,38,30,2019-09-02,1,,1,2022-11-26,2022-11-26
1094,94,38,30,2019-09-03,1,,1,2022-11-26,2022-11-26
1095,95,38,30,2019-09-04,1,,1,2022-11-26,2022-11-26
1096,96,38,30,2019-09-05,1,,1,2022-11-26,2022-11-26
1097,97,38,30,2019-09-06,1,,1,2022-11-26,2022-11-26
1098,98,38,30,2019-09-07,1,,1,2022-11-26,2022-11-26
1099,99,38,30,2019-09-08,1,,1,2022-11-26,2022-11-26
1100,100,38,30,2019-09-09,1,,1,2022-11-26,2022-11-26
1101,101,38,31,2019-09-10,1,,1,2022-11-26,2022-11-26
1102,102,38,31,2019-09-11,1,,1,2022-11-26,2022-11-26
1103,103,38,31,2019-09-12,1,,1,2022-11-26,2022-11-26
1104,104,38,31,2019-09-13,1,,1,2022-11-26,2022-11-26
1105,105,38,31,2019-09-14,1,,1,2022-11-26,2022-11-26
1106,106,38,31,2019-09-15,1,,1,2022-11-26,2022-11-26
1107,107,38,31,2019-09-16,1,,1,2022-11-26,2022-11-26
1108,108,38,31,2019-09-17,1,,1,2022-11-26,2022-11-26
1109,109,38,31,2019-09-18,1,,1,2022-11-26,2022-11-26
1110,110,38,31,2019-09-19,1,,1,2022-11-26,2022-11-26
1111,111,38,31,2019-09-20,1,,1,2022-11-26,2022-11-26
1112,112,38,31,2019-09-21,1,,1,2022-11-26,2022-11-26
1113,113,38,31,2019-09-22,1,,1,2022-11-26,2022-11-26
1114,114,38,31,2019-09-23,1,,1,2022-11-26,2022-11-26
1115,115,38,31,2019-09-24,1,,1,2022-11-26,2022-11-26
1116,116,38,31,2019-09-25,1,,1,2022-11-26,2022-11-26
1117,117,38,31,2019-09-26,1,,1,2022-11-26,2022-11-26
1118,118,38,31,2019-09-27,1,,1,2022-11-26,2022-11-26
1119,119,38,31,2019-09-28,1,,1,2022-11-26,2022-11-26
1120,120,38,31,2019-09-29,1,,1,2022-11-26,2022-11-26
1121,121,39,32,2019-09-30,1,,1,2022-11-26,2022-11-26
1122,122,39,32,2019-10-01,1,,1,2022-11-26,2022-11-26
1123,123,39,32,2019-10-02,1,,1,2022-11-26,2022-11-26
1124,124,39,32,2019-10-03,1,,1,2022-11-26,2022-11-26
1125,125,39,32,2019-10-04,1,,1,2022-11-26,2022-11-26
1126,126,39,32,2019-10-05,1,,1,2022-11-26,2022-11-26
1127,127,39,32,2019-10-06,1,,1,2022-11-26,2022-11-26
1128,128,39,32,2019-10-07,1,,1,2022-11-26,2022-11-26
1129,129,39,32,2019-10-08,1,,1,2022-11-26,2022-11-26
1130,130,39,32,2019-10-09,1,,1,2022-11-26,2022-11-26
1131,131,39,32,2019-10-10,1,,1,2022-11-26,2022-11-26
1132,132,39,32,2019-10-11,1,,1,2022-11-26,2022-11-26
1133,133,39,32,2019-10-12,1,,1,2022-11-26,2022-11-26
1134,134,39,32,2019-10-13,1,,1,2022-11-26,2022-11-26
1135,135,39,32,2019-10-14,1,,1,2022-11-26,2022-11-26
1136,136,39,32,2019-10-15,1,,1,2022-11-26,2022-11-26
1137,137,39,32,2019-10-16,1,,1,2022-11-26,2022-11-26
1138,138,39,32,2019-10-17,1,,1,2022-11-26,2022-11-26
1139,139,39,32,2019-10-18,1,,1,2022-11-26,2022-11-26
1140,140,39,32,2019-10-19,1,,1,2022-11-26,2022-11-26
1141,141,39,33,2019-10-20,1,,1,2022-11-26,2022-11-26
1142,142,39,33,2019-10-21,1,,1,2022-11-26,2022-11-26
1143,143,39,33,2019-10-22,1,,1,2022-11-26,2022-11-26
1144,144,39,33,2019-10-23,1,,1,2022-11-26,2022-11-26
1145,145,39,33,2019-10-24,1,,1,2022-11-26,2022-11-26
1146,146,39,33,2019-10-25,1,,1,2022-11-26,2022-11-26
1147,147,39,33,2019-10-26,1,,1,2022-11-26,2022-11-26
1148,148,39,33,2019-10-27,1,,1,2022-11-26,2022-11-26
1149,149,39,33,2019-10-28,1,,1,2022-11-26,2022-11-26
1150,150,39,33,2019-10-29,1,,1,2022-11-26,2022-11-26
1151,151,40,33,2019-10-30,1,,1,2022-11-26,2022-11-26
1152,152,40,33,2019-10-31,1,,1,2022-11-26,2022-11-26
1153,153,40,33,2019-11-01,1,,1,2022-11-26,2022-11-26
1154,154,40,33,2019-11-02,1,,1,2022-11-26,2022-11-26
1155,155,40,33,2019-11-03,1,,1,2022-11-26,2022-11-26
1156,156,40,33,2019-11-04,1,,1,2022-11-26,2022-11-26
1157,157,40,33,2019-11-05,1,,1,2022-11-26,2022-11-26
1158,158,40,33,2019-11-06,1,,1,2022-11-26,2022-11-26
1159,159,40,33,2019-11-07,1,,1,2022-11-26,2022-11-26
1160,160,40,33,2019-11-08,1,,1,2022-11-26,2022-11-26
1161,161,40,34,2019-11-09,1,,1,2022-11-26,2022-11-26
1162,162,40,34,2019-11-10,1,,1,2022-11-26,2022-11-26
1163,163,40,34,2019-11-11,1,,1,2022-11-26,2022-11-26
1164,164,40,34,2019-11-12,1,,1,2022-11-26,2022-11-26
1165,165,40,34,2019-11-13,1,,1,2022-11-26,2022-11-26
1166,166,40,34,2019-11-14,1,,1,2022-11-26,2022-11-26
1167,167,40,34,2019-11-15,1,,1,2022-11-26,2022-11-26
1168,168,40,34,2019-11-16,1,,1,2022-11-26,2022-11-26
1169,169,40,34,2019-11-17,1,,1,2022-11-26,2022-11-26
1170,170,40,34,2019-11-18,1,,1,2022-11-26,2022-11-26
1171,171,40,34,2019-11-19,1,,1,2022-11-26,2022-11-26
1172,172,40,34,2019-11-20,1,,1,2022-11-26,2022-11-26
1173,173,40,34,2019-11-21,1,,1,2022-11-26,2022-11-26
1174,174,40,34,2019-11-22,1,,1,2022-11-26,2022-11-26
1175,175,40,34,2019-11-23,1,,1,2022-11-26,2022-11-26
1176,176,40,34,2019-11-24,1,,1,2022-11-26,2022-11-26
1177,177,40,34,2019-11-25,1,,1,2022-11-26,2022-11-26
1178,178,40,34,2019-11-26,1,,1,2022-11-26,2022-11-26
1179,179,40,34,2019-11-27,1,,1,2022-11-26,2022-11-26
1180,180,40,34,2019-11-28,1,,1,2022-11-26,2022-11-26
1181,181,41,26,2019-11-29,1,,1,2022-11-26,2022-11-26
1182,182,41,26,2019-11-30,1,,1,2022-11-26,2022-11-26
1183,183,41,26,2019-12-01,1,,1,2022-11-26,2022-11-26
1184,184,41,26,2019-12-02,1,,1,2022-11-26,2022-11-26
1185,185,41,26,2019-12-03,1,,1,2022-11-26,2022-11-26
1186,186,41,26,2019-12-04,1,,1,2022-11-26,2022-11-26
1187,187,41,26,2019-12-05,1,,1,2022-11-26,2022-11-26
1188,188,41,26,2019-12-06,1,,1,2022-11-26,2022-11-26
1189,189,41,26,2019-12-07,1,,1,2022-11-26,2022-11-26
1190,190,41,26,2019-12-08,1,,1,2022-11-26,2022-11-26
1191,191,41,26,2019-12-09,1,,1,2022-11-26,2022-11-26
1192,192,41,26,2019-12-10,1,,1,2022-11-26,2022-11-26
1193,193,41,26,2019-12-11,1,,1,2022-11-26,2022-11-26
1194,194,41,26,2019-12-12,1,,1,2022-11-26,2022-11-26
1195,195,41,26,2019-12-13,1,,1,2022-11-26,2022-11-26
1196,196,41,26,2019-12-14,1,,1,2022-11-26,2022-11-26
1197,197,41,26,2019-12-15,1,,1,2022-11-26,2022-11-26
1198,198,41,26,2019-12-16,1,,1,2022-11-26,2022-11-26
1199,199,41,26,2019-12-17,1,,1,2022-11-26,2022-11-26
1200,200,41,26,2019-12-18,1,,1,2022-11-26,2022-11-26
1201,201,41,27,2019-12-19,1,,1,2022-11-26,2022-11-26
1202,1,26,35,2019-12-20,1,,1,2022-11-26,2022-11-26
1203,2,26,35,2019-12-21,1,,1,2022-11-26,2022-11-26
1204,3,26,35,2019-12-22,1,,1,2022-11-26,2022-11-26
1205,4,26,35,2019-12-23,1,,1,2022-11-26,2022-11-26
1206,5,26,35,2019-12-24,1,,1,2022-11-26,2022-11-26
1207,6,26,35,2019-12-25,1,,1,2022-11-26,2022-11-26
1208,7,26,4,2019-12-26,2,,1,2022-11-26,2022-11-26
1209,8,26,4,2019-12-27,2,,1,2022-11-26,2022-11-26
1210,9,26,4,2019-12-28,2,,1,2022-11-26,2022-11-26
1211,10,26,4,2019-12-29,2,,1,2022-11-26,2022-11-26
1212,11,26,4,2019-12-30,2,,1,2022-11-26,2022-11-26
1213,12,26,35,2019-12-31,1,,1,2022-11-26,2022-11-26
1214,13,26,35,2020-01-01,1,,1,2022-11-26,2022-11-26
1215,14,26,35,2020-01-02,1,,1,2022-11-26,2022-11-26
1216,15,26,35,2020-01-03,1,,1,2022-11-26,2022-11-26
1217,16,26,35,2020-01-04,1,,1,2022-11-26,2022-11-26
1218,17,26,35,2020-01-05,1,,1,2022-11-26,2022-11-26
1219,18,26,35,2020-01-06,1,,1,2022-11-26,2022-11-26
1220,19,26,35,2020-01-07,1,,1,2022-11-26,2022-11-26
1221,20,26,35,2020-01-08,1,,1,2022-11-26,2022-11-26
1222,21,27,35,2020-01-09,1,,1,2022-11-26,2022-11-26
1223,22,27,35,2020-01-10,1,,1,2022-11-26,2022-11-26
1224,23,27,35,2020-01-11,1,,1,2022-11-26,2022-11-26
1225,24,27,35,2020-01-12,1,,1,2022-11-26,2022-11-26
1226,25,27,35,2020-01-13,1,,1,2022-11-26,2022-11-26
1227,26,27,5,2020-01-14,2,,1,2022-11-26,2022-11-26
1228,27,27,5,2020-01-15,2,,1,2022-11-26,2022-11-26
1229,28,27,5,2020-01-16,2,,1,2022-11-26,2022-11-26
1230,29,27,5,2020-01-17,2,,1,2022-11-26,2022-11-26
1231,30,27,5,2020-01-18,2,,1,2022-11-26,2022-11-26
1232,31,27,36,2020-01-19,1,,1,2022-11-26,2022-11-26
1233,32,27,36,2020-01-20,1,,1,2022-11-26,2022-11-26
1234,33,27,36,2020-01-21,1,,1,2022-11-26,2022-11-26
1235,34,27,36,2020-01-22,1,,1,2022-11-26,2022-11-26
1236,35,27,36,2020-01-23,1,,1,2022-11-26,2022-11-26
1237,36,27,36,2020-01-24,1,,1,2022-11-26,2022-11-26
1238,37,27,36,2020-01-25,1,,1,2022-11-26,2022-11-26
1239,38,27,36,2020-01-26,1,,1,2022-11-26,2022-11-26
1240,39,27,36,2020-01-27,1,,1,2022-11-26,2022-11-26
1241,40,27,36,2020-01-28,1,,1,2022-11-26,2022-11-26
1242,41,28,36,2020-01-29,1,,1,2022-11-26,2022-11-26
1243,42,28,36,2020-01-30,1,,1,2022-11-26,2022-11-26
1244,43,28,36,2020-01-31,1,,1,2022-11-26,2022-11-26
1245,44,28,36,2020-02-01,1,,1,2022-11-26,2022-11-26
1246,45,28,36,2020-02-02,1,,1,2022-11-26,2022-11-26
1247,46,28,36,2020-02-03,1,,1,2022-11-26,2022-11-26
1248,47,28,36,2020-02-04,1,,1,2022-11-26,2022-11-26
1249,48,28,36,2020-02-05,1,,1,2022-11-26,2022-11-26
1250,49,28,36,2020-02-06,1,,1,2022-11-26,2022-11-26
1251,50,28,36,2020-02-07,1,,1,2022-11-26,2022-11-26
1252,51,28,36,2020-02-08,1,,1,2022-11-26,2022-11-26
1253,52,28,36,2020-02-09,1,,1,2022-11-26,2022-11-26
1254,53,28,36,2020-02-10,1,,1,2022-11-26,2022-11-26
1255,54,28,36,2020-02-11,1,,1,2022-11-26,2022-11-26
1256,55,28,36,2020-02-12,1,,1,2022-11-26,2022-11-26
1257,56,28,5,2020-02-13,2,,1,2022-11-26,2022-11-26
1258,57,28,5,2020-02-14,2,,1,2022-11-26,2022-11-26
1259,58,28,5,2020-02-15,2,,1,2022-11-26,2022-11-26
1260,59,28,5,2020-02-16,2,,1,2022-11-26,2022-11-26
1261,60,28,5,2020-02-17,2,,1,2022-11-26,2022-11-26
1262,61,29,37,2020-02-18,1,,1,2022-11-26,2022-11-26
1263,62,29,37,2020-02-19,1,,1,2022-11-26,2022-11-26
1264,63,29,37,2020-02-20,1,,1,2022-11-26,2022-11-26
1265,64,29,37,2020-02-21,1,,1,2022-11-26,2022-11-26
1266,65,29,37,2020-02-22,1,,1,2022-11-26,2022-11-26
1267,66,29,37,2020-02-23,1,,1,2022-11-26,2022-11-26
1268,67,29,37,2020-02-24,1,,1,2022-11-26,2022-11-26
1269,68,29,37,2020-02-25,1,,1,2022-11-26,2022-11-26
1270,69,29,37,2020-02-26,1,,1,2022-11-26,2022-11-26
1271,70,29,37,2020-02-27,1,,1,2022-11-26,2022-11-26
1272,71,29,37,2020-02-28,1,,1,2022-11-26,2022-11-26
1273,72,29,37,2020-02-29,1,,1,2022-11-26,2022-11-26
1274,73,29,37,2020-03-01,1,,1,2022-11-26,2022-11-26
1275,74,29,37,2020-03-02,1,,1,2022-11-26,2022-11-26
1276,75,29,37,2020-03-03,1,,1,2022-11-26,2022-11-26
1277,76,29,37,2020-03-04,1,,1,2022-11-26,2022-11-26
1278,77,29,37,2020-03-05,1,,1,2022-11-26,2022-11-26
1279,78,29,37,2020-03-06,1,,1,2022-11-26,2022-11-26
1280,79,29,37,2020-03-07,1,,1,2022-11-26,2022-11-26
1281,80,29,37,2020-03-08,1,,1,2022-11-26,2022-11-26
1282,81,30,37,2020-03-09,1,,1,2022-11-26,2022-11-26
1283,82,30,37,2020-03-10,1,,1,2022-11-26,2022-11-26
1284,83,30,37,2020-03-11,1,,1,2022-11-26,2022-11-26
1285,84,30,37,2020-03-12,1,,1,2022-11-26,2022-11-26
1286,85,30,37,2020-03-13,1,,1,2022-11-26,2022-11-26
1287,86,30,5,2020-03-14,2,,1,2022-11-26,2022-11-26
1288,87,30,5,2020-03-15,2,,1,2022-11-26,2022-11-26
1289,88,30,5,2020-03-16,2,,1,2022-11-26,2022-11-26
1290,89,30,5,2020-03-17,2,,1,2022-11-26,2022-11-26
1291,90,30,5,2020-03-18,2,,1,2022-11-26,2022-11-26
1292,91,30,38,2020-03-19,1,,1,2022-11-26,2022-11-26
1293,92,30,38,2020-03-20,1,,1,2022-11-26,2022-11-26
1294,93,30,38,2020-03-21,1,,1,2022-11-26,2022-11-26
1295,94,30,38,2020-03-22,1,,1,2022-11-26,2022-11-26
1296,95,30,38,2020-03-23,1,,1,2022-11-26,2022-11-26
1297,96,30,38,2020-03-24,1,,1,2022-11-26,2022-11-26
1298,97,30,38,2020-03-25,1,,1,2022-11-26,2022-11-26
1299,98,30,38,2020-03-26,1,,1,2022-11-26,2022-11-26
1300,99,30,38,2020-03-27,1,,1,2022-11-26,2022-11-26
1301,100,30,38,2020-03-28,1,,1,2022-11-26,2022-11-26
1302,101,31,38,2020-03-29,1,,1,2022-11-26,2022-11-26
1303,102,31,38,2020-03-30,1,,1,2022-11-26,2022-11-26
1304,103,31,38,2020-03-31,1,,1,2022-11-26,2022-11-26
1305,104,31,38,2020-04-01,1,,1,2022-11-26,2022-11-26
1306,105,31,38,2020-04-02,1,,1,2022-11-26,2022-11-26
1307,106,31,38,2020-04-03,1,,1,2022-11-26,2022-11-26
1308,107,31,38,2020-04-04,1,,1,2022-11-26,2022-11-26
1309,108,31,38,2020-04-05,1,,1,2022-11-26,2022-11-26
1310,109,31,38,2020-04-06,1,,1,2022-11-26,2022-11-26
1311,110,31,38,2020-04-07,1,,1,2022-11-26,2022-11-26
1312,111,31,38,2020-04-08,1,,1,2022-11-26,2022-11-26
1313,112,31,38,2020-04-09,1,,1,2022-11-26,2022-11-26
1314,113,31,38,2020-04-10,1,,1,2022-11-26,2022-11-26
1315,114,31,38,2020-04-11,1,,1,2022-11-26,2022-11-26
1316,115,31,38,2020-04-12,1,,1,2022-11-26,2022-11-26
1317,116,31,5,2020-04-13,2,,1,2022-11-26,2022-11-26
1318,117,31,5,2020-04-14,2,,1,2022-11-26,2022-11-26
1319,118,31,5,2020-04-15,2,,1,2022-11-26,2022-11-26
1320,119,31,5,2020-04-16,2,,1,2022-11-26,2022-11-26
1321,120,31,5,2020-04-17,2,,1,2022-11-26,2022-11-26
1322,121,32,39,2020-04-18,1,,1,2022-11-26,2022-11-26
1323,122,32,39,2020-04-19,1,,1,2022-11-26,2022-11-26
1324,123,32,39,2020-04-20,1,,1,2022-11-26,2022-11-26
1325,124,32,39,2020-04-21,1,,1,2022-11-26,2022-11-26
1326,125,32,39,2020-04-22,1,,1,2022-11-26,2022-11-26
1327,126,32,39,2020-04-23,1,,1,2022-11-26,2022-11-26
1328,127,32,39,2020-04-24,1,,1,2022-11-26,2022-11-26
1329,128,32,39,2020-04-25,1,,1,2022-11-26,2022-11-26
1330,129,32,39,2020-04-26,1,,1,2022-11-26,2022-11-26
1331,130,32,39,2020-04-27,1,,1,2022-11-26,2022-11-26
1332,131,32,39,2020-04-28,1,,1,2022-11-26,2022-11-26
1333,132,32,39,2020-04-29,1,,1,2022-11-26,2022-11-26
1334,133,32,39,2020-04-30,1,,1,2022-11-26,2022-11-26
1335,134,32,39,2020-05-01,1,,1,2022-11-26,2022-11-26
1336,135,32,39,2020-05-02,1,,1,2022-11-26,2022-11-26
1337,136,32,39,2020-05-03,1,,1,2022-11-26,2022-11-26
1338,137,32,39,2020-05-04,1,,1,2022-11-26,2022-11-26
1339,138,32,39,2020-05-05,1,,1,2022-11-26,2022-11-26
1340,139,32,39,2020-05-06,1,,1,2022-11-26,2022-11-26
1341,140,32,39,2020-05-07,1,,1,2022-11-26,2022-11-26
1342,141,33,39,2020-05-08,1,,1,2022-11-26,2022-11-26
1343,142,33,39,2020-05-09,1,,1,2022-11-26,2022-11-26
1344,143,33,39,2020-05-10,1,,1,2022-11-26,2022-11-26
1345,144,33,39,2020-05-11,1,,1,2022-11-26,2022-11-26
1346,145,33,39,2020-05-12,1,,1,2022-11-26,2022-11-26
1347,146,33,6,2020-05-13,2,,1,2022-11-26,2022-11-26
1348,147,33,6,2020-05-14,2,,1,2022-11-26,2022-11-26
1349,148,33,6,2020-05-15,2,,1,2022-11-26,2022-11-26
1350,149,33,6,2020-05-16,2,,1,2022-11-26,2022-11-26
1351,150,33,6,2020-05-17,2,,1,2022-11-26,2022-11-26
1352,151,33,40,2020-05-18,1,,1,2022-11-26,2022-11-26
1353,152,33,40,2020-05-19,1,,1,2022-11-26,2022-11-26
1354,153,33,40,2020-05-20,1,,1,2022-11-26,2022-11-26
1355,154,33,40,2020-05-21,1,,1,2022-11-26,2022-11-26
1356,155,33,40,2020-05-22,1,,1,2022-11-26,2022-11-26
1357,156,33,40,2020-05-23,1,,1,2022-11-26,2022-11-26
1358,157,33,40,2020-05-24,1,,1,2022-11-26,2022-11-26
1359,158,33,40,2020-05-25,1,,1,2022-11-26,2022-11-26
1360,159,33,40,2020-05-26,1,,1,2022-11-26,2022-11-26
1361,160,33,40,2020-05-27,1,,1,2022-11-26,2022-11-26
1362,161,34,40,2020-05-28,1,,1,2022-11-26,2022-11-26
1363,162,34,40,2020-05-29,1,,1,2022-11-26,2022-11-26
1364,163,34,40,2020-05-30,1,,1,2022-11-26,2022-11-26
1365,164,34,40,2020-05-31,1,,1,2022-11-26,2022-11-26
1366,165,34,40,2020-06-01,1,,1,2022-11-26,2022-11-26
1367,166,34,40,2020-06-02,1,,1,2022-11-26,2022-11-26
1368,167,34,40,2020-06-03,1,,1,2022-11-26,2022-11-26
1369,168,34,40,2020-06-04,1,,1,2022-11-26,2022-11-26
1370,169,34,40,2020-06-05,1,,1,2022-11-26,2022-11-26
1371,170,34,40,2020-06-06,1,,1,2022-11-26,2022-11-26
1372,171,34,40,2020-06-07,1,,1,2022-11-26,2022-11-26
1373,172,34,40,2020-06-08,1,,1,2022-11-26,2022-11-26
1374,173,34,40,2020-06-09,1,,1,2022-11-26,2022-11-26
1375,174,34,40,2020-06-10,1,,1,2022-11-26,2022-11-26
1376,175,34,40,2020-06-11,1,,1,2022-11-26,2022-11-26
1377,176,34,40,2020-06-12,1,,1,2022-11-26,2022-11-26
1378,177,34,40,2020-06-13,1,,1,2022-11-26,2022-11-26
1379,178,34,40,2020-06-14,1,,1,2022-11-26,2022-11-26
1380,179,34,40,2020-06-15,1,,1,2022-11-26,2022-11-26
1381,180,34,40,2020-06-16,1,,1,2022-11-26,2022-11-26
1382,181,26,41,2020-06-17,1,,1,2022-11-26,2022-11-26
1383,182,26,41,2020-06-18,1,,1,2022-11-26,2022-11-26
1384,183,26,41,2020-06-19,1,,1,2022-11-26,2022-11-26
1385,184,26,41,2020-06-20,1,,1,2022-11-26,2022-11-26
1386,185,26,41,2020-06-21,1,,1,2022-11-26,2022-11-26
1387,186,26,41,2020-06-22,1,,1,2022-11-26,2022-11-26
1388,187,26,41,2020-06-23,1,,1,2022-11-26,2022-11-26
1389,188,26,41,2020-06-24,1,,1,2022-11-26,2022-11-26
1390,189,26,41,2020-06-25,1,,1,2022-11-26,2022-11-26
1391,190,26,41,2020-06-26,1,,1,2022-11-26,2022-11-26
1392,191,26,41,2020-06-27,1,,1,2022-11-26,2022-11-26
1393,192,26,41,2020-06-28,1,,1,2022-11-26,2022-11-26
1394,193,26,41,2020-06-29,1,,1,2022-11-26,2022-11-26
1395,194,26,41,2020-06-30,1,,1,2022-11-26,2022-11-26
1396,195,26,41,2020-07-01,1,,1,2022-11-26,2022-11-26
1397,196,26,41,2020-07-02,1,,1,2022-11-26,2022-11-26
1398,197,26,41,2020-07-03,1,,1,2022-11-26,2022-11-26
1399,198,26,41,2020-07-04,1,,1,2022-11-26,2022-11-26
1400,199,26,41,2020-07-05,1,,1,2022-11-26,2022-11-26
1401,200,26,41,2020-07-06,1,,1,2022-11-26,2022-11-26
1402,201,27,41,2020-07-07,1,,1,2022-11-26,2022-11-26
1403,200,41,26,2020-02-01,3,,1,2022-11-26,2022-11-26
1404,201,41,26,2020-02-02,3,,1,2022-11-26,2022-11-26
1405,202,41,26,2020-02-03,3,,1,2022-11-26,2022-11-26
1406,203,41,26,2020-02-04,3,,1,2022-11-26,2022-11-26
1407,204,41,26,2020-02-05,3,,1,2022-11-26,2022-11-26
1408,205,41,27,2020-02-06,3,,1,2022-11-26,2022-11-26
1409,206,41,27,2020-02-07,3,,1,2022-11-26,2022-11-26
1410,207,41,27,2020-02-08,3,,1,2022-11-26,2022-11-26
1411,208,41,27,2020-02-09,3,,1,2022-11-26,2022-11-26
1412,209,41,27,2020-02-10,3,,1,2022-11-26,2022-11-26
1413,210,41,28,2020-02-11,3,,1,2022-11-26,2022-11-26
1414,211,42,28,2020-02-12,3,,1,2022-11-26,2022-11-26
1415,212,42,28,2020-02-13,3,,1,2022-11-26,2022-11-26
1416,213,42,28,2020-02-14,3,,1,2022-11-26,2022-11-26
1417,214,42,28,2020-02-15,3,,1,2022-11-26,2022-11-26
1418,215,42,28,2020-02-16,3,,1,2022-11-26,2022-11-26
1419,216,42,29,2020-02-17,3,,1,2022-11-26,2022-11-26
1420,217,42,29,2020-02-18,3,,1,2022-11-26,2022-11-26
1421,218,42,29,2020-02-19,3,,1,2022-11-26,2022-11-26
1422,219,42,29,2020-02-20,3,,1,2022-11-26,2022-11-26
1423,220,42,29,2020-02-21,3,,1,2022-11-26,2022-11-26
1424,221,42,30,2020-02-22,3,,1,2022-11-26,2022-11-26
1425,222,42,30,2020-02-23,3,,1,2022-11-26,2022-11-26
1426,223,42,30,2020-02-24,3,,1,2022-11-26,2022-11-26
1427,224,42,30,2020-02-25,3,,1,2022-11-26,2022-11-26
1428,225,42,30,2020-02-26,3,,1,2022-11-26,2022-11-26
1429,226,42,31,2020-02-27,3,,1,2022-11-26,2022-11-26
1430,227,42,31,2020-02-28,3,,1,2022-11-26,2022-11-26
1431,228,42,31,2020-02-29,3,,1,2022-11-26,2022-11-26
1432,229,42,31,2020-03-01,3,,1,2022-11-26,2022-11-26
1433,230,42,31,2020-02-01,3,,1,2022-11-26,2022-11-26
1434,231,42,32,2020-02-02,3,,1,2022-11-26,2022-11-26
1435,232,42,32,2020-02-03,3,,1,2022-11-26,2022-11-26
1436,233,42,32,2020-02-04,3,,1,2022-11-26,2022-11-26
1437,234,42,32,2020-02-05,3,,1,2022-11-26,2022-11-26
1438,235,42,32,2020-02-06,3,,1,2022-11-26,2022-11-26
1439,236,42,33,2020-02-07,3,,1,2022-11-26,2022-11-26
1440,237,42,33,2020-02-08,3,,1,2022-11-26,2022-11-26
1441,238,42,33,2020-02-09,3,,1,2022-11-26,2022-11-26
1442,239,42,33,2020-02-10,3,,1,2022-11-26,2022-11-26
1443,200,26,6,2020-02-11,3,,1,2022-11-26,2022-11-26
1444,201,26,6,2020-02-12,3,,1,2022-11-26,2022-11-26
1445,202,26,6,2020-02-13,3,,1,2022-11-26,2022-11-26
1446,203,26,6,2020-02-14,3,,1,2022-11-26,2022-11-26
1447,204,26,6,2020-02-15,3,,1,2022-11-26,2022-11-26
1448,205,27,6,2020-02-16,3,,1,2022-11-26,2022-11-26
1449,206,27,6,2020-02-17,3,,1,2022-11-26,2022-11-26
1450,207,27,6,2020-02-18,3,,1,2022-11-26,2022-11-26
1451,208,27,6,2020-02-19,3,,1,2022-11-26,2022-11-26
1452,209,27,6,2020-02-20,3,,1,2022-11-26,2022-11-26
1453,210,28,6,2020-02-21,3,,1,2022-11-26,2022-11-26
1454,211,28,6,2020-02-22,3,,1,2022-11-26,2022-11-26
1455,212,28,6,2020-02-23,3,,1,2022-11-26,2022-11-26
1456,213,28,6,2020-02-24,3,,1,2022-11-26,2022-11-26
1457,214,28,6,2020-02-25,3,,1,2022-11-26,2022-11-26
1458,215,28,6,2020-02-26,3,,1,2022-11-26,2022-11-26
1459,216,29,6,2020-02-27,3,,1,2022-11-26,2022-11-26
1460,217,29,6,2020-02-28,3,,1,2022-11-26,2022-11-26
1461,218,29,6,2020-02-29,3,,1,2022-11-26,2022-11-26
1462,219,29,6,2020-03-01,3,,1,2022-11-26,2022-11-26
1463,220,29,6,2020-02-01,3,,1,2022-11-26,2022-11-26
1464,221,30,6,2020-02-02,3,,1,2022-11-26,2022-11-26
1465,222,30,6,2020-02-03,3,,1,2022-11-26,2022-11-26
1466,223,30,6,2020-02-04,3,,1,2022-11-26,2022-11-26
1467,224,30,6,2020-02-05,3,,1,2022-11-26,2022-11-26
1468,225,30,6,2020-02-06,3,,1,2022-11-26,2022-11-26
1469,226,31,6,2020-02-07,3,,1,2022-11-26,2022-11-26
1470,227,31,6,2020-02-08,3,,1,2022-11-26,2022-11-26
1471,228,31,6,2020-02-09,3,,1,2022-11-26,2022-11-26
1472,229,31,6,2020-02-10,3,,1,2022-11-26,2022-11-26
1473,230,31,6,2020-02-11,3,,1,2022-11-26,2022-11-26
1474,231,32,6,2020-02-12,3,,1,2022-11-26,2022-11-26
1475,232,32,6,2020-02-13,3,,1,2022-11-26,2022-11-26
1476,233,32,6,2020-02-14,3,,1,2022-11-26,2022-11-26
1477,234,32,6,2020-02-15,3,,1,2022-11-26,2022-11-26
1478,235,32,6,2020-02-16,3,,1,2022-11-26,2022-11-26
1479,236,33,6,2020-02-17,3,,1,2022-11-26,2022-11-26
1480,237,33,6,2020-02-18,3,,1,2022-11-26,2022-11-26
1481,238,33,6,2020-02-19,3,,1,2022-11-26,2022-11-26
1482,239,33,6,2020-02-20,3,,1,2022-11-26,2022-11-26