id,modelId,birth,createdAt,updatedAt
1,1,2017-01-01,2022-11-26,2022-11-26
2,2,2017-01-02,2022-11-26,2022-11-26
3,3,2017-01-03,2022-11-26,2022-11-26
4,4,2017-01-04,2022-11-26,2022-11-26
5,5,2017-01-05,2022-11-26,2022-11-26
6,6,2017-01-06,2022-11-26,2022-11-26
7,7,2017-01-07,2022-11-26,2022-11-26
8,8,2017-01-08,2022-11-26,2022-11-26
9,9,2017-01-09,2022-11-26,2022-11-26
10,10,2017-01-10,2022-11-26,2022-11-26
11,11,2017-01-11,2022-11-26,2022-11-26
12,12,2017-01-12,2022-11-26,2022-11-26
13,13,2017-01-13,2022-11-26,2022-11-26
14,14,2017-01-14,2022-11-26,2022-11-26
15,15,2017-01-15,2022-11-26,2022-11-26
16,16,2017-01-16,2022-11-26,2022-11-26
17,17,2017-01-17,2022-11-26,2022-11-26
18,18,2017-01-18,2022-11-26,2022-11-26
19,19,2017-01-19,2022-11-26,2022-11-26
20,20,2017-01-20,2022-11-26,2022-11-26
21,21,2017-01-21,2022-11-26,2022-11-26
22,22,2017-01-22,2022-11-26,2022-11-26
23,23,2017-01-23,2022-11-26,2022-11-26
24,24,2017-01-24,2022-11-26,2022-11-26
25,25,2017-01-25,2022-11-26,2022-11-26
26,26,2017-01-26,2022-11-26,2022-11-26
27,27,2017-01-27,2022-11-26,2022-11-26
28,28,2017-01-28,2022-11-26,2022-11-26
29,29,2017-01-29,2022-11-26,2022-11-26
30,30,2017-01-30,2022-11-26,2022-11-26
31,31,2017-01-01,2022-11-26,2022-11-26
32,32,2017-01-02,2022-11-26,2022-11-26
33,33,2017-01-03,2022-11-26,2022-11-26
34,34,2017-01-04,2022-11-26,2022-11-26
35,35,2017-01-05,2022-11-26,2022-11-26
36,36,2017-01-06,2022-11-26,2022-11-26
37,37,2017-01-07,2022-11-26,2022-11-26
38,38,2017-01-08,2022-11-26,2022-11-26
39,39,2017-01-09,2022-11-26,2022-11-26
40,40,2017-01-10,2022-11-26,2022-11-26
41,41,2017-01-11,2022-11-26,2022-11-26
42,42,2017-01-12,2022-11-26,2022-11-26
43,43,2017-01-13,2022-11-26,2022-11-26
44,44,2017-01-14,2022-11-26,2022-11-26
45,45,2017-01-15,2022-11-26,2022-11-26
46,46,2017-01-16,2022-11-26,2022-11-26
47,47,2017-01-17,2022-11-26,2022-11-26
48,48,2017-01-18,2022-11-26,2022-11-26
49,49,2017-01-19,2022-11-26,2022-11-26
50,50,2017-01-20,2022-11-26,2022-11-26
51,51,2017-01-21,2022-11-26,2022-11-26
52,52,2017-01-22,2022-11-26,2022-11-26
53,53,2017-01-23,2022-11-26,2022-11-26
54,54,2017-01-24,2022-11-26,2022-11-26
55,55,2017-01-25,2022-11-26,2022-11-26
56,56,2017-01-26,2022-11-26,2022-11-26
57,57,2017-01-27,2022-11-26,2022-11-26
58,58,2017-01-28,2022-11-26,2022-11-26
59,59,2017-01-29,2022-11-26,2022-11-26
60,60,2017-01-30,2022-11-26,2022-11-26
61,61,2017-01-01,2022-11-26,2022-11-26
62,62,2017-01-02,2022-11-26,2022-11-26
63,63,2017-01-03,2022-11-26,2022-11-26
64,64,2017-01-04,2022-11-26,2022-11-26
65,65,2017-01-05,2022-11-26,2022-11-26
66,66,2017-01-06,2022-11-26,2022-11-26
67,67,2017-01-07,2022-11-26,2022-11-26
68,68,2017-01-08,2022-11-26,2022-11-26
69,69,2017-01-09,2022-11-26,2022-11-26
70,70,2017-01-10,2022-11-26,2022-11-26
71,71,2017-01-11,2022-11-26,2022-11-26
72,72,2017-01-12,2022-11-26,2022-11-26
73,73,2017-01-13,2022-11-26,2022-11-26
74,74,2017-01-14,2022-11-26,2022-11-26
75,75,2017-01-15,2022-11-26,2022-11-26
76,76,2017-01-16,2022-11-26,2022-11-26
77,77,2017-01-17,2022-11-26,2022-11-26
78,78,2017-01-18,2022-11-26,2022-11-26
79,79,2017-01-19,2022-11-26,2022-11-26
80,80,2017-01-20,2022-11-26,2022-11-26
81,81,2017-01-21,2022-11-26,2022-11-26
82,82,2017-01-22,2022-11-26,2022-11-26
83,83,2017-01-23,2022-11-26,2022-11-26
84,84,2017-01-24,2022-11-26,2022-11-26
85,85,2017-01-25,2022-11-26,2022-11-26
86,86,2017-01-26,2022-11-26,2022-11-26
87,87,2017-01-27,2022-11-26,2022-11-26
88,88,2017-01-28,2022-11-26,2022-11-26
89,89,2017-01-29,2022-11-26,2022-11-26
90,90,2017-01-30,2022-11-26,2022-11-26
91,91,2017-01-01,2022-11-26,2022-11-26
92,92,2017-01-02,2022-11-26,2022-11-26
93,93,2017-01-03,2022-11-26,2022-11-26
94,94,2017-01-04,2022-11-26,2022-11-26
95,95,2017-01-05,2022-11-26,2022-11-26
96,96,2017-01-06,2022-11-26,2022-11-26
97,97,2017-01-07,2022-11-26,2022-11-26
98,98,2017-01-08,2022-11-26,2022-11-26
99,99,2017-01-09,2022-11-26,2022-11-26
100,100,2017-01-10,2022-11-26,2022-11-26
101,101,2017-01-11,2022-11-26,2022-11-26
102,102,2017-01-12,2022-11-26,2022-11-26
103,103,2017-01-13,2022-11-26,2022-11-26
104,104,2017-01-14,2022-11-26,2022-11-26
105,105,2017-01-15,2022-11-26,2022-11-26
106,106,2017-01-16,2022-11-26,2022-11-26
107,107,2017-01-17,2022-11-26,2022-11-26
108,108,2017-01-18,2022-11-26,2022-11-26
109,109,2017-01-19,2022-11-26,2022-11-26
110,110,2017-01-20,2022-11-26,2022-11-26
111,111,2017-01-21,2022-11-26,2022-11-26
112,112,2017-01-22,2022-11-26,2022-11-26
113,113,2017-01-23,2022-11-26,2022-11-26
114,114,2017-01-24,2022-11-26,2022-11-26
115,115,2017-01-25,2022-11-26,2022-11-26
116,116,2017-01-26,2022-11-26,2022-11-26
117,117,2017-01-27,2022-11-26,2022-11-26
118,118,2017-01-28,2022-11-26,2022-11-26
119,119,2017-01-29,2022-11-26,2022-11-26
120,120,2017-01-30,2022-11-26,2022-11-26
121,121,2017-02-01,2022-11-26,2022-11-26
122,122,2017-02-02,2022-11-26,2022-11-26
123,123,2017-02-03,2022-11-26,2022-11-26
124,124,2017-02-04,2022-11-26,2022-11-26
125,125,2017-02-05,2022-11-26,2022-11-26
126,126,2017-02-06,2022-11-26,2022-11-26
127,127,2017-02-07,2022-11-26,2022-11-26
128,128,2017-02-08,2022-11-26,2022-11-26
129,129,2017-02-09,2022-11-26,2022-11-26
130,130,2017-02-10,2022-11-26,2022-11-26
131,131,2017-02-11,2022-11-26,2022-11-26
132,132,2017-02-12,2022-11-26,2022-11-26
133,133,2017-02-13,2022-11-26,2022-11-26
134,134,2017-02-14,2022-11-26,2022-11-26
135,135,2017-02-15,2022-11-26,2022-11-26
136,136,2017-02-16,2022-11-26,2022-11-26
137,137,2017-02-17,2022-11-26,2022-11-26
138,138,2017-02-18,2022-11-26,2022-11-26
139,139,2017-02-19,2022-11-26,2022-11-26
140,140,2017-02-20,2022-11-26,2022-11-26
141,141,2017-02-21,2022-11-26,2022-11-26
142,142,2017-02-22,2022-11-26,2022-11-26
143,143,2017-02-23,2022-11-26,2022-11-26
144,144,2017-02-24,2022-11-26,2022-11-26
145,145,2017-02-25,2022-11-26,2022-11-26
146,146,2017-02-26,2022-11-26,2022-11-26
147,147,2017-02-27,2022-11-26,2022-11-26
148,148,2017-02-28,2022-11-26,2022-11-26
149,149,2017-02-01,2022-11-26,2022-11-26
150,150,2017-02-02,2022-11-26,2022-11-26
151,151,2017-02-03,2022-11-26,2022-11-26
152,152,2017-02-04,2022-11-26,2022-11-26
153,153,2017-02-05,2022-11-26,2022-11-26
154,154,2017-02-06,2022-11-26,2022-11-26
155,155,2017-02-07,2022-11-26,2022-11-26
156,156,2017-02-08,2022-11-26,2022-11-26
157,157,2017-02-09,2022-11-26,2022-11-26
158,158,2017-02-10,2022-11-26,2022-11-26
159,159,2017-02-11,2022-11-26,2022-11-26
160,160,2017-02-12,2022-11-26,2022-11-26
161,161,2017-02-13,2022-11-26,2022-11-26
162,162,2017-02-14,2022-11-26,2022-11-26
163,163,2017-02-15,2022-11-26,2022-11-26
164,164,2017-02-16,2022-11-26,2022-11-26
165,165,2017-02-17,2022-11-26,2022-11-26
166,166,2017-02-18,2022-11-26,2022-11-26
167,167,2017-02-19,2022-11-26,2022-11-26
168,168,2017-02-20,2022-11-26,2022-11-26
169,169,2017-02-21,2022-11-26,2022-11-26
170,170,2017-02-22,2022-11-26,2022-11-26
171,171,2017-02-23,2022-11-26,2022-11-26
172,172,2017-02-24,2022-11-26,2022-11-26
173,173,2017-02-25,2022-11-26,2022-11-26
174,174,2017-02-26,2022-11-26,2022-11-26
175,175,2017-02-27,2022-11-26,2022-11-26
176,176,2017-02-28,2022-11-26,2022-11-26
177,177,2017-02-01,2022-11-26,2022-11-26
178,178,2017-02-02,2022-11-26,2022-11-26
179,179,2017-02-03,2022-11-26,2022-11-26
180,180,2017-02-04,2022-11-26,2022-11-26
181,181,2017-02-05,2022-11-26,2022-11-26
182,182,2017-02-06,2022-11-26,2022-11-26
183,183,2017-02-07,2022-11-26,2022-11-26
184,184,2017-02-08,2022-11-26,2022-11-26
185,185,2017-02-09,2022-11-26,2022-11-26
186,186,2017-02-10,2022-11-26,2022-11-26
187,187,2017-02-11,2022-11-26,2022-11-26
188,188,2017-02-12,2022-11-26,2022-11-26
189,189,2017-02-13,2022-11-26,2022-11-26
190,190,2017-02-14,2022-11-26,2022-11-26
191,191,2017-02-15,2022-11-26,2022-11-26
192,192,2017-02-16,2022-11-26,2022-11-26
193,193,2017-02-17,2022-11-26,2022-11-26
194,194,2017-02-18,2022-11-26,2022-11-26
195,195,2017-02-19,2022-11-26,2022-11-26
196,196,2017-02-20,2022-11-26,2022-11-26
197,197,2017-02-21,2022-11-26,2022-11-26
198,198,2017-02-22,2022-11-26,2022-11-26
199,199,2017-02-23,2022-11-26,2022-11-26
200,200,2017-02-24,2022-11-26,2022-11-26
201,201,2017-02-25,2022-11-26,2022-11-26
202,202,2017-02-26,2022-11-26,2022-11-26
203,203,2017-02-27,2022-11-26,2022-11-26
204,204,2017-02-28,2022-11-26,2022-11-26
205,205,2017-03-01,2022-11-26,2022-11-26
206,206,2017-03-02,2022-11-26,2022-11-26
207,207,2017-03-03,2022-11-26,2022-11-26
208,208,2017-03-04,2022-11-26,2022-11-26
209,209,2017-03-05,2022-11-26,2022-11-26
210,210,2017-03-06,2022-11-26,2022-11-26
211,211,2017-03-07,2022-11-26,2022-11-26
212,212,2017-03-08,2022-11-26,2022-11-26
213,213,2017-03-09,2022-11-26,2022-11-26
214,214,2017-03-10,2022-11-26,2022-11-26
215,215,2017-03-11,2022-11-26,2022-11-26
216,216,2017-03-12,2022-11-26,2022-11-26
217,217,2017-03-13,2022-11-26,2022-11-26
218,218,2017-03-14,2022-11-26,2022-11-26
219,219,2017-03-15,2022-11-26,2022-11-26
220,220,2017-03-16,2022-11-26,2022-11-26
221,221,2017-03-17,2022-11-26,2022-11-26
222,222,2017-03-18,2022-11-26,2022-11-26
223,223,2017-03-19,2022-11-26,2022-11-26
224,224,2017-03-20,2022-11-26,2022-11-26
225,225,2017-03-21,2022-11-26,2022-11-26
226,226,2017-03-22,2022-11-26,2022-11-26
227,227,2017-03-23,2022-11-26,2022-11-26
228,228,2017-03-24,2022-11-26,2022-11-26
229,229,2017-03-25,2022-11-26,2022-11-26
230,230,2017-03-26,2022-11-26,2022-11-26
231,231,2017-03-27,2022-11-26,2022-11-26
232,232,2017-03-28,2022-11-26,2022-11-26
233,233,2017-03-29,2022-11-26,2022-11-26
234,234,2017-03-30,2022-11-26,2022-11-26
235,235,2017-03-31,2022-11-26,2022-11-26
236,236,2017-03-01,2022-11-26,2022-11-26
237,237,2017-03-02,2022-11-26,2022-11-26
238,238,2017-03-03,2022-11-26,2022-11-26
239,239,2017-03-04,2022-11-26,2022-11-26
240,240,2017-03-05,2022-11-26,2022-11-26
241,241,2017-03-06,2022-11-26,2022-11-26
242,242,2017-03-07,2022-11-26,2022-11-26
243,243,2017-03-08,2022-11-26,2022-11-26
244,244,2017-03-09,2022-11-26,2022-11-26
245,245,2017-03-10,2022-11-26,2022-11-26
246,246,2017-03-11,2022-11-26,2022-11-26
247,247,2017-03-12,2022-11-26,2022-11-26
248,248,2017-03-13,2022-11-26,2022-11-26
249,249,2017-03-14,2022-11-26,2022-11-26
250,250,2017-03-15,2022-11-26,2022-11-26
251,251,2017-03-16,2022-11-26,2022-11-26
252,252,2017-03-17,2022-11-26,2022-11-26
253,253,2017-03-18,2022-11-26,2022-11-26
254,254,2017-03-19,2022-11-26,2022-11-26
255,255,2017-03-20,2022-11-26,2022-11-26
256,256,2017-03-21,2022-11-26,2022-11-26
257,257,2017-03-22,2022-11-26,2022-11-26
258,258,2017-03-23,2022-11-26,2022-11-26
259,259,2017-03-24,2022-11-26,2022-11-26
260,260,2017-03-25,2022-11-26,2022-11-26
261,261,2017-03-26,2022-11-26,2022-11-26
262,262,2017-03-27,2022-11-26,2022-11-26
263,263,2017-03-28,2022-11-26,2022-11-26
264,264,2017-03-29,2022-11-26,2022-11-26
265,265,2017-03-30,2022-11-26,2022-11-26
266,266,2017-03-31,2022-11-26,2022-11-26
267,267,2017-03-01,2022-11-26,2022-11-26
268,268,2017-03-02,2022-11-26,2022-11-26
269,269,2017-03-03,2022-11-26,2022-11-26
270,270,2017-03-04,2022-11-26,2022-11-26
271,271,2017-03-05,2022-11-26,2022-11-26
272,272,2017-03-06,2022-11-26,2022-11-26
273,273,2017-03-07,2022-11-26,2022-11-26
274,274,2017-03-08,2022-11-26,2022-11-26
275,275,2017-03-09,2022-11-26,2022-11-26
276,276,2017-03-10,2022-11-26,2022-11-26
277,277,2017-03-11,2022-11-26,2022-11-26
278,278,2017-03-12,2022-11-26,2022-11-26
279,279,2017-03-13,2022-11-26,2022-11-26
280,280,2017-03-14,2022-11-26,2022-11-26
281,281,2017-03-15,2022-11-26,2022-11-26
282,282,2017-03-16,2022-11-26,2022-11-26
283,283,2017-03-17,2022-11-26,2022-11-26
284,284,2017-03-18,2022-11-26,2022-11-26
285,285,2017-03-19,2022-11-26,2022-11-26
286,286,2017-03-20,2022-11-26,2022-11-26
287,287,2017-03-21,2022-11-26,2022-11-26
288,288,2017-03-22,2022-11-26,2022-11-26
289,289,2017-03-23,2022-11-26,2022-11-26
290,290,2017-03-24,2022-11-26,2022-11-26
291,291,2017-03-25,2022-11-26,2022-11-26
292,292,2017-03-26,2022-11-26,2022-11-26
293,293,2017-03-27,2022-11-26,2022-11-26
294,294,2017-03-28,2022-11-26,2022-11-26
295,295,2017-03-29,2022-11-26,2022-11-26
296,296,2017-03-30,2022-11-26,2022-11-26
297,297,2017-03-31,2022-11-26,2022-11-26
298,298,2017-03-01,2022-11-26,2022-11-26
299,299,2017-03-02,2022-11-26,2022-11-26
300,300,2017-03-03,2022-11-26,2022-11-26
301,301,2017-03-04,2022-11-26,2022-11-26
302,302,2017-03-05,2022-11-26,2022-11-26
303,303,2017-03-06,2022-11-26,2022-11-26
304,304,2017-03-07,2022-11-26,2022-11-26
305,305,2017-03-08,2022-11-26,2022-11-26
306,306,2017-03-09,2022-11-26,2022-11-26
307,307,2017-03-10,2022-11-26,2022-11-26
308,308,2017-03-11,2022-11-26,2022-11-26
309,309,2017-03-12,2022-11-26,2022-11-26
310,310,2017-03-13,2022-11-26,2022-11-26
311,311,2017-03-14,2022-11-26,2022-11-26
312,312,2017-03-15,2022-11-26,2022-11-26
313,313,2017-03-16,2022-11-26,2022-11-26
314,314,2017-03-17,2022-11-26,2022-11-26
315,315,2017-03-18,2022-11-26,2022-11-26
316,316,2017-03-19,2022-11-26,2022-11-26
317,317,2017-03-20,2022-11-26,2022-11-26
318,318,2017-03-21,2022-11-26,2022-11-26
319,319,2017-03-22,2022-11-26,2022-11-26
320,320,2017-03-23,2022-11-26,2022-11-26
321,321,2017-03-24,2022-11-26,2022-11-26
322,322,2017-03-25,2022-11-26,2022-11-26
323,323,2017-03-26,2022-11-26,2022-11-26
324,324,2017-03-27,2022-11-26,2022-11-26
325,325,2017-03-28,2022-11-26,2022-11-26
326,326,2017-03-29,2022-11-26,2022-11-26
327,327,2017-03-30,2022-11-26,2022-11-26
328,328,2017-03-31,2022-11-26,2022-11-26
329,329,2017-04-01,2022-11-26,2022-11-26
330,330,2017-04-02,2022-11-26,2022-11-26
331,331,2017-04-03,2022-11-26,2022-11-26
332,332,2017-04-04,2022-11-26,2022-11-26
333,333,2017-04-05,2022-11-26,2022-11-26
334,334,2017-04-06,2022-11-26,2022-11-26
335,335,2017-04-07,2022-11-26,2022-11-26
336,336,2017-04-08,2022-11-26,2022-11-26
337,337,2017-04-09,2022-11-26,2022-11-26
338,338,2017-04-10,2022-11-26,2022-11-26
339,339,2017-04-11,2022-11-26,2022-11-26
340,340,2017-04-12,2022-11-26,2022-11-26
341,341,2017-04-13,2022-11-26,2022-11-26
342,342,2017-04-14,2022-11-26,2022-11-26
343,343,2017-04-15,2022-11-26,2022-11-26
344,344,2017-04-16,2022-11-26,2022-11-26
345,345,2017-04-17,2022-11-26,2022-11-26
346,346,2017-04-18,2022-11-26,2022-11-26
347,347,2017-04-19,2022-11-26,2022-11-26
348,348,2017-04-20,2022-11-26,2022-11-26
349,349,2017-04-21,2022-11-26,2022-11-26
350,350,2017-04-22,2022-11-26,2022-11-26
351,351,2017-04-23,2022-11-26,2022-11-26
352,352,2017-04-24,2022-11-26,2022-11-26
353,353,2017-04-25,2022-11-26,2022-11-26
354,354,2017-04-26,2022-11-26,2022-11-26
355,355,2017-04-27,2022-11-26,2022-11-26
356,356,2017-04-28,2022-11-26,2022-11-26
357,357,2017-04-29,2022-11-26,2022-11-26
358,358,2017-04-30,2022-11-26,2022-11-26
359,359,2017-05-01,2022-11-26,2022-11-26
360,360,2017-05-02,2022-11-26,2022-11-26
361,361,2017-05-03,2022-11-26,2022-11-26
362,362,2017-05-04,2022-11-26,2022-11-26
363,363,2017-05-05,2022-11-26,2022-11-26
364,364,2017-05-06,2022-11-26,2022-11-26
365,365,2017-05-07,2022-11-26,2022-11-26
366,366,2017-05-08,2022-11-26,2022-11-26
367,367,2017-05-09,2022-11-26,2022-11-26
368,368,2017-05-10,2022-11-26,2022-11-26
369,369,2017-05-11,2022-11-26,2022-11-26
370,370,2017-05-12,2022-11-26,2022-11-26
371,371,2017-05-13,2022-11-26,2022-11-26
372,372,2017-05-14,2022-11-26,2022-11-26
373,373,2017-05-15,2022-11-26,2022-11-26
374,374,2017-05-16,2022-11-26,2022-11-26
375,375,2017-05-17,2022-11-26,2022-11-26
376,376,2017-05-18,2022-11-26,2022-11-26
377,377,2017-05-19,2022-11-26,2022-11-26
378,378,2017-05-20,2022-11-26,2022-11-26
379,379,2017-05-21,2022-11-26,2022-11-26
380,380,2017-05-22,2022-11-26,2022-11-26
381,381,2017-05-23,2022-11-26,2022-11-26
382,382,2017-05-24,2022-11-26,2022-11-26
383,383,2017-05-25,2022-11-26,2022-11-26
384,384,2017-05-26,2022-11-26,2022-11-26
385,385,2017-05-27,2022-11-26,2022-11-26
386,386,2017-05-28,2022-11-26,2022-11-26
387,387,2017-05-29,2022-11-26,2022-11-26
388,388,2017-05-30,2022-11-26,2022-11-26
389,389,2017-05-31,2022-11-26,2022-11-26
390,390,2017-01-01,2022-11-26,2022-11-26
391,391,2017-01-02,2022-11-26,2022-11-26
392,392,2017-01-03,2022-11-26,2022-11-26
393,393,2017-01-04,2022-11-26,2022-11-26
394,394,2017-01-05,2022-11-26,2022-11-26
395,395,2017-01-06,2022-11-26,2022-11-26
396,396,2017-01-07,2022-11-26,2022-11-26
397,397,2017-01-08,2022-11-26,2022-11-26
398,398,2017-01-09,2022-11-26,2022-11-26
399,399,2017-01-10,2022-11-26,2022-11-26
400,400,2017-01-11,2022-11-26,2022-11-26
401,401,2017-01-12,2022-11-26,2022-11-26
402,402,2017-01-13,2022-11-26,2022-11-26
403,403,2017-01-14,2022-11-26,2022-11-26
404,404,2017-01-15,2022-11-26,2022-11-26
405,405,2017-01-16,2022-11-26,2022-11-26
406,406,2017-01-17,2022-11-26,2022-11-26
407,407,2017-01-18,2022-11-26,2022-11-26
408,408,2017-01-19,2022-11-26,2022-11-26
409,409,2017-01-20,2022-11-26,2022-11-26
410,410,2017-01-21,2022-11-26,2022-11-26
411,411,2017-01-22,2022-11-26,2022-11-26
412,412,2017-01-23,2022-11-26,2022-11-26
413,413,2017-01-24,2022-11-26,2022-11-26
414,414,2017-01-25,2022-11-26,2022-11-26
415,415,2017-01-26,2022-11-26,2022-11-26
416,416,2017-01-27,2022-11-26,2022-11-26
417,417,2017-01-28,2022-11-26,2022-11-26
418,418,2017-01-29,2022-11-26,2022-11-26
419,419,2017-01-30,2022-11-26,2022-11-26
420,420,2017-01-01,2022-11-26,2022-11-26
421,421,2017-01-02,2022-11-26,2022-11-26
422,422,2017-01-03,2022-11-26,2022-11-26
423,423,2017-01-04,2022-11-26,2022-11-26
424,424,2017-01-05,2022-11-26,2022-11-26
425,425,2017-01-06,2022-11-26,2022-11-26
426,426,2017-01-07,2022-11-26,2022-11-26
427,427,2017-01-08,2022-11-26,2022-11-26
428,428,2017-01-09,2022-11-26,2022-11-26
429,429,2017-01-10,2022-11-26,2022-11-26
430,430,2017-01-11,2022-11-26,2022-11-26
431,431,2017-01-12,2022-11-26,2022-11-26
432,432,2017-01-13,2022-11-26,2022-11-26
433,433,2017-01-14,2022-11-26,2022-11-26
434,434,2017-01-15,2022-11-26,2022-11-26
435,435,2017-01-16,2022-11-26,2022-11-26
436,436,2017-01-17,2022-11-26,2022-11-26
437,437,2017-01-18,2022-11-26,2022-11-26
438,438,2017-01-19,2022-11-26,2022-11-26
439,439,2017-01-20,2022-11-26,2022-11-26
440,440,2017-01-21,2022-11-26,2022-11-26
441,441,2017-01-22,2022-11-26,2022-11-26
442,442,2017-01-23,2022-11-26,2022-11-26
443,443,2017-01-24,2022-11-26,2022-11-26
444,444,2017-01-25,2022-11-26,2022-11-26
445,445,2017-01-26,2022-11-26,2022-11-26
446,446,2017-01-27,2022-11-26,2022-11-26
447,447,2017-01-28,2022-11-26,2022-11-26
448,448,2017-01-29,2022-11-26,2022-11-26
449,449,2017-01-30,2022-11-26,2022-11-26
450,450,2017-01-01,2022-11-26,2022-11-26
451,451,2017-01-02,2022-11-26,2022-11-26
452,452,2017-01-03,2022-11-26,2022-11-26
453,453,2017-01-04,2022-11-26,2022-11-26
454,454,2017-01-05,2022-11-26,2022-11-26
455,455,2017-01-06,2022-11-26,2022-11-26
456,456,2017-01-07,2022-11-26,2022-11-26
457,457,2017-01-08,2022-11-26,2022-11-26
458,458,2017-01-09,2022-11-26,2022-11-26
459,459,2017-01-10,2022-11-26,2022-11-26
460,460,2017-01-11,2022-11-26,2022-11-26
461,461,2017-01-12,2022-11-26,2022-11-26
462,462,2017-01-13,2022-11-26,2022-11-26
463,463,2017-01-14,2022-11-26,2022-11-26
464,464,2017-01-15,2022-11-26,2022-11-26
465,465,2017-01-16,2022-11-26,2022-11-26
466,466,2017-01-17,2022-11-26,2022-11-26
467,467,2017-01-18,2022-11-26,2022-11-26
468,468,2017-01-19,2022-11-26,2022-11-26
469,469,2017-01-20,2022-11-26,2022-11-26
470,470,2017-01-21,2022-11-26,2022-11-26
471,471,2017-01-22,2022-11-26,2022-11-26
472,472,2017-01-23,2022-11-26,2022-11-26
473,473,2017-01-24,2022-11-26,2022-11-26
474,474,2017-01-25,2022-11-26,2022-11-26
475,475,2017-01-26,2022-11-26,2022-11-26
476,476,2017-01-27,2022-11-26,2022-11-26
477,477,2017-01-28,2022-11-26,2022-11-26
478,478,2017-01-29,2022-11-26,2022-11-26
479,479,2017-01-30,2022-11-26,2022-11-26
480,480,2017-01-01,2022-11-26,2022-11-26
481,481,2017-01-02,2022-11-26,2022-11-26
482,482,2017-01-03,2022-11-26,2022-11-26
483,483,2017-01-04,2022-11-26,2022-11-26
484,484,2017-01-05,2022-11-26,2022-11-26
485,485,2017-01-06,2022-11-26,2022-11-26
486,486,2017-01-07,2022-11-26,2022-11-26
487,487,2017-01-08,2022-11-26,2022-11-26
488,488,2017-01-09,2022-11-26,2022-11-26
489,489,2017-01-10,2022-11-26,2022-11-26
490,490,2017-01-11,2022-11-26,2022-11-26
491,491,2017-01-12,2022-11-26,2022-11-26
492,492,2017-01-13,2022-11-26,2022-11-26
493,493,2017-01-14,2022-11-26,2022-11-26
494,494,2017-01-15,2022-11-26,2022-11-26
495,495,2017-01-16,2022-11-26,2022-11-26
496,496,2017-01-17,2022-11-26,2022-11-26
497,497,2017-01-18,2022-11-26,2022-11-26
498,498,2017-01-19,2022-11-26,2022-11-26
499,499,2017-01-20,2022-11-26,2022-11-26
500,500,2017-01-21,2022-11-26,2022-11-26
501,501,2017-01-22,2022-11-26,2022-11-26
502,502,2017-01-23,2022-11-26,2022-11-26
503,503,2017-01-24,2022-11-26,2022-11-26
504,504,2017-01-25,2022-11-26,2022-11-26
505,505,2017-01-26,2022-11-26,2022-11-26
506,506,2017-01-27,2022-11-26,2022-11-26
507,507,2017-01-28,2022-11-26,2022-11-26
508,508,2017-01-29,2022-11-26,2022-11-26
509,509,2017-01-30,2022-11-26,2022-11-26
510,510,2017-02-01,2022-11-26,2022-11-26
511,511,2017-02-02,2022-11-26,2022-11-26
512,512,2017-02-03,2022-11-26,2022-11-26
513,513,2017-02-04,2022-11-26,2022-11-26
514,514,2017-02-05,2022-11-26,2022-11-26
515,515,2017-02-06,2022-11-26,2022-11-26
516,516,2017-02-07,2022-11-26,2022-11-26
517,517,2017-02-08,2022-11-26,2022-11-26
518,518,2017-02-09,2022-11-26,2022-11-26
519,519,2017-02-10,2022-11-26,2022-11-26
520,520,2017-02-11,2022-11-26,2022-11-26
521,521,2017-02-12,2022-11-26,2022-11-26
522,522,2017-02-13,2022-11-26,2022-11-26
523,523,2017-02-14,2022-11-26,2022-11-26
524,524,2017-02-15,2022-11-26,2022-11-26
525,525,2017-02-16,2022-11-26,2022-11-26
526,526,2017-02-17,2022-11-26,2022-11-26
527,527,2017-02-18,2022-11-26,2022-11-26
528,528,2017-02-19,2022-11-26,2022-11-26
529,529,2017-02-20,2022-11-26,2022-11-26
530,530,2017-02-21,2022-11-26,2022-11-26
531,531,2017-02-22,2022-11-26,2022-11-26
532,532,2017-02-23,2022-11-26,2022-11-26
533,533,2017-02-24,2022-11-26,2022-11-26
534,534,2017-02-25,2022-11-26,2022-11-26
535,535,2017-02-26,2022-11-26,2022-11-26
536,536,2017-02-27,2022-11-26,2022-11-26
537,537,2017-02-28,2022-11-26,2022-11-26
538,538,2017-02-01,2022-11-26,2022-11-26
539,539,2017-02-02,2022-11-26,2022-11-26
540,540,2017-02-03,2022-11-26,2022-11-26
541,541,2017-02-04,2022-11-26,2022-11-26
542,542,2017-02-05,2022-11-26,2022-11-26
543,543,2017-02-06,2022-11-26,2022-11-26
544,544,2017-02-07,2022-11-26,2022-11-26
545,545,2017-02-08,2022-11-26,2022-11-26
546,546,2017-02-09,2022-11-26,2022-11-26
547,547,2017-02-10,2022-11-26,2022-11-26
548,548,2017-02-11,2022-11-26,2022-11-26
549,549,2017-02-12,2022-11-26,2022-11-26
550,550,2017-02-13,2022-11-26,2022-11-26
551,551,2017-02-14,2022-11-26,2022-11-26
552,552,2017-02-15,2022-11-26,2022-11-26
553,553,2017-02-16,2022-11-26,2022-11-26
554,554,2017-02-17,2022-11-26,2022-11-26
555,555,2017-02-18,2022-11-26,2022-11-26
556,556,2017-02-19,2022-11-26,2022-11-26
557,557,2017-02-20,2022-11-26,2022-11-26
558,558,2017-02-21,2022-11-26,2022-11-26
559,559,2017-02-22,2022-11-26,2022-11-26
560,560,2017-02-23,2022-11-26,2022-11-26
561,561,2017-02-24,2022-11-26,2022-11-26
562,562,2017-02-25,2022-11-26,2022-11-26
563,563,2017-02-26,2022-11-26,2022-11-26
564,564,2017-02-27,2022-11-26,2022-11-26
565,565,2017-02-28,2022-11-26,2022-11-26
566,566,2017-02-01,2022-11-26,2022-11-26
567,567,2017-02-02,2022-11-26,2022-11-26
568,568,2017-02-03,2022-11-26,2022-11-26
569,569,2017-02-04,2022-11-26,2022-11-26
570,570,2017-02-05,2022-11-26,2022-11-26
571,571,2017-02-06,2022-11-26,2022-11-26
572,572,2017-02-07,2022-11-26,2022-11-26
573,573,2017-02-08,2022-11-26,2022-11-26
574,574,2017-02-09,2022-11-26,2022-11-26
575,575,2017-02-10,2022-11-26,2022-11-26
576,576,2017-02-11,2022-11-26,2022-11-26
577,577,2017-02-12,2022-11-26,2022-11-26
578,578,2017-02-13,2022-11-26,2022-11-26
579,579,2017-02-14,2022-11-26,2022-11-26
580,580,2017-02-15,2022-11-26,2022-11-26
581,581,2017-02-16,2022-11-26,2022-11-26
582,582,2017-02-17,2022-11-26,2022-11-26
583,583,2017-02-18,2022-11-26,2022-11-26
584,584,2017-02-19,2022-11-26,2022-11-26
585,585,2017-02-20,2022-11-26,2022-11-26
586,586,2017-02-21,2022-11-26,2022-11-26
587,587,2017-02-22,2022-11-26,2022-11-26
588,588,2017-02-23,2022-11-26,2022-11-26
589,589,2017-02-24,2022-11-26,2022-11-26
590,590,2017-02-25,2022-11-26,2022-11-26
591,591,2017-02-26,2022-11-26,2022-11-26
592,592,2017-02-27,2022-11-26,2022-11-26
593,593,2017-02-28,2022-11-26,2022-11-26
594,594,2017-03-01,2022-11-26,2022-11-26
595,595,2017-03-02,2022-11-26,2022-11-26
596,596,2017-03-03,2022-11-26,2022-11-26
597,597,2017-03-04,2022-11-26,2022-11-26
598,598,2017-03-05,2022-11-26,2022-11-26
599,599,2017-03-06,2022-11-26,2022-11-26
600,600,2017-03-07,2022-11-26,2022-11-26
601,601,2017-03-08,2022-11-26,2022-11-26
602,602,2017-03-09,2022-11-26,2022-11-26
603,603,2017-03-10,2022-11-26,2022-11-26
604,604,2017-03-11,2022-11-26,2022-11-26
605,605,2017-03-12,2022-11-26,2022-11-26
606,606,2017-03-13,2022-11-26,2022-11-26
607,607,2017-03-14,2022-11-26,2022-11-26
608,608,2017-03-15,2022-11-26,2022-11-26
609,609,2017-03-16,2022-11-26,2022-11-26
610,610,2017-03-17,2022-11-26,2022-11-26
611,611,2017-03-18,2022-11-26,2022-11-26
612,612,2017-03-19,2022-11-26,2022-11-26
613,613,2017-03-20,2022-11-26,2022-11-26
614,614,2017-03-21,2022-11-26,2022-11-26
615,615,2017-03-22,2022-11-26,2022-11-26
616,616,2017-03-23,2022-11-26,2022-11-26
617,617,2017-03-24,2022-11-26,2022-11-26
618,618,2017-03-25,2022-11-26,2022-11-26
619,619,2017-03-26,2022-11-26,2022-11-26
620,620,2017-03-27,2022-11-26,2022-11-26
621,621,2017-03-28,2022-11-26,2022-11-26
622,622,2017-03-29,2022-11-26,2022-11-26
623,623,2017-03-30,2022-11-26,2022-11-26
624,624,2017-03-31,2022-11-26,2022-11-26
625,625,2017-03-01,2022-11-26,2022-11-26
626,626,2017-03-02,2022-11-26,2022-11-26
627,627,2017-03-03,2022-11-26,2022-11-26
628,628,2017-03-04,2022-11-26,2022-11-26
629,629,2017-03-05,2022-11-26,2022-11-26
630,630,2017-03-06,2022-11-26,2022-11-26
631,631,2017-03-07,2022-11-26,2022-11-26
632,632,2017-03-08,2022-11-26,2022-11-26
633,633,2017-03-09,2022-11-26,2022-11-26
634,634,2017-03-10,2022-11-26,2022-11-26
635,635,2017-03-11,2022-11-26,2022-11-26
636,636,2017-03-12,2022-11-26,2022-11-26
637,637,2017-03-13,2022-11-26,2022-11-26
638,638,2017-03-14,2022-11-26,2022-11-26
639,639,2017-03-15,2022-11-26,2022-11-26
640,640,2017-03-16,2022-11-26,2022-11-26
641,641,2017-03-17,2022-11-26,2022-11-26
642,642,2017-03-18,2022-11-26,2022-11-26
643,643,2017-03-19,2022-11-26,2022-11-26
644,644,2017-03-20,2022-11-26,2022-11-26
645,645,2017-03-21,2022-11-26,2022-11-26
646,646,2017-03-22,2022-11-26,2022-11-26
647,647,2017-03-23,2022-11-26,2022-11-26
648,648,2017-03-24,2022-11-26,2022-11-26
649,649,2017-03-25,2022-11-26,2022-11-26
650,650,2017-03-26,2022-11-26,2022-11-26
651,651,2017-03-27,2022-11-26,2022-11-26
652,652,2017-03-28,2022-11-26,2022-11-26
653,653,2017-03-29,2022-11-26,2022-11-26
654,654,2017-03-30,2022-11-26,2022-11-26
655,655,2017-03-31,2022-11-26,2022-11-26
656,656,2017-03-01,2022-11-26,2022-11-26
657,657,2017-03-02,2022-11-26,2022-11-26
658,658,2017-03-03,2022-11-26,2022-11-26
659,659,2017-03-04,2022-11-26,2022-11-26
660,660,2017-03-05,2022-11-26,2022-11-26
661,661,2017-03-06,2022-11-26,2022-11-26
662,662,2017-03-07,2022-11-26,2022-11-26
663,663,2017-03-08,2022-11-26,2022-11-26
664,664,2017-03-09,2022-11-26,2022-11-26
665,665,2017-03-10,2022-11-26,2022-11-26
666,666,2017-03-11,2022-11-26,2022-11-26
667,667,2017-03-12,2022-11-26,2022-11-26
668,668,2017-03-13,2022-11-26,2022-11-26
669,669,2017-03-14,2022-11-26,2022-11-26
670,670,2017-03-15,2022-11-26,2022-11-26
671,671,2017-03-16,2022-11-26,2022-11-26
672,672,2017-03-17,2022-11-26,2022-11-26
673,673,2017-03-18,2022-11-26,2022-11-26
674,674,2017-03-19,2022-11-26,2022-11-26
675,675,2017-03-20,2022-11-26,2022-11-26
676,676,2017-03-21,2022-11-26,2022-11-26
677,677,2017-03-22,2022-11-26,2022-11-26
678,678,2017-03-23,2022-11-26,2022-11-26
679,679,2017-03-24,2022-11-26,2022-11-26
680,680,2017-03-25,2022-11-26,2022-11-26
681,681,2017-03-26,2022-11-26,2022-11-26
682,682,2017-03-27,2022-11-26,2022-11-26
683,683,2017-03-28,2022-11-26,2022-11-26
684,684,2017-03-29,2022-11-26,2022-11-26
685,685,2017-03-30,2022-11-26,2022-11-26
686,686,2017-03-31,2022-11-26,2022-11-26
687,687,2017-03-01,2022-11-26,2022-11-26
688,688,2017-03-02,2022-11-26,2022-11-26
689,689,2017-03-03,2022-11-26,2022-11-26
690,690,2017-03-04,2022-11-26,2022-11-26
691,691,2017-03-05,2022-11-26,2022-11-26
692,692,2017-03-06,2022-11-26,2022-11-26
693,693,2017-03-07,2022-11-26,2022-11-26
694,694,2017-03-08,2022-11-26,2022-11-26
695,695,2017-03-09,2022-11-26,2022-11-26
696,696,2017-03-10,2022-11-26,2022-11-26
697,697,2017-03-11,2022-11-26,2022-11-26
698,698,2017-03-12,2022-11-26,2022-11-26
699,699,2017-03-13,2022-11-26,2022-11-26
700,700,2017-03-14,2022-11-26,2022-11-26
701,701,2017-03-15,2022-11-26,2022-11-26
702,702,2017-03-16,2022-11-26,2022-11-26
703,703,2017-03-17,2022-11-26,2022-11-26
704,704,2017-03-18,2022-11-26,2022-11-26
705,705,2017-03-19,2022-11-26,2022-11-26
706,706,2017-03-20,2022-11-26,2022-11-26
707,707,2017-03-21,2022-11-26,2022-11-26
708,708,2017-03-22,2022-11-26,2022-11-26
709,709,2017-03-23,2022-11-26,2022-11-26
710,710,2017-03-24,2022-11-26,2022-11-26
711,711,2017-03-25,2022-11-26,2022-11-26
712,712,2017-03-26,2022-11-26,2022-11-26
713,713,2017-03-27,2022-11-26,2022-11-26
714,714,2017-03-28,2022-11-26,2022-11-26
715,715,2017-03-29,2022-11-26,2022-11-26
716,716,2017-03-30,2022-11-26,2022-11-26
717,717,2017-03-31,2022-11-26,2022-11-26
718,718,2017-04-01,2022-11-26,2022-11-26
719,719,2017-04-02,2022-11-26,2022-11-26
720,720,2017-04-03,2022-11-26,2022-11-26
721,721,2017-04-04,2022-11-26,2022-11-26
722,722,2017-04-05,2022-11-26,2022-11-26
723,723,2017-04-06,2022-11-26,2022-11-26
724,724,2017-04-07,2022-11-26,2022-11-26
725,725,2017-04-08,2022-11-26,2022-11-26
726,726,2017-04-09,2022-11-26,2022-11-26
727,727,2017-04-10,2022-11-26,2022-11-26
728,728,2017-04-11,2022-11-26,2022-11-26
729,729,2017-04-12,2022-11-26,2022-11-26
730,730,2017-04-13,2022-11-26,2022-11-26
731,731,2017-04-14,2022-11-26,2022-11-26
732,732,2017-04-15,2022-11-26,2022-11-26
733,733,2017-04-16,2022-11-26,2022-11-26
734,734,2017-04-17,2022-11-26,2022-11-26
735,735,2017-04-18,2022-11-26,2022-11-26
736,736,2017-04-19,2022-11-26,2022-11-26
737,737,2017-04-20,2022-11-26,2022-11-26
738,738,2017-04-21,2022-11-26,2022-11-26
739,739,2017-04-22,2022-11-26,2022-11-26
740,740,2017-04-23,2022-11-26,2022-11-26
741,741,2017-04-24,2022-11-26,2022-11-26
742,742,2017-04-25,2022-11-26,2022-11-26
743,743,2017-04-26,2022-11-26,2022-11-26
744,744,2017-04-27,2022-11-26,2022-11-26
745,745,2017-04-28,2022-11-26,2022-11-26
746,746,2017-04-29,2022-11-26,2022-11-26
747,747,2017-04-30,2022-11-26,2022-11-26
748,748,2017-05-01,2022-11-26,2022-11-26
749,749,2017-05-02,2022-11-26,2022-11-26
750,750,2017-05-03,2022-11-26,2022-11-26
751,751,2017-05-04,2022-11-26,2022-11-26
752,752,2017-05-05,2022-11-26,2022-11-26
753,753,2017-05-06,2022-11-26,2022-11-26
754,754,2017-05-07,2022-11-26,2022-11-26
755,755,2017-05-08,2022-11-26,2022-11-26
756,756,2017-05-09,2022-11-26,2022-11-26
757,757,2017-05-10,2022-11-26,2022-11-26
758,758,2017-05-11,2022-11-26,2022-11-26
759,759,2017-05-12,2022-11-26,2022-11-26
760,760,2017-05-13,2022-11-26,2022-11-26
761,761,2017-05-14,2022-11-26,2022-11-26
762,762,2017-05-15,2022-11-26,2022-11-26
763,763,2017-05-16,2022-11-26,2022-11-26
764,764,2017-05-17,2022-11-26,2022-11-26
765,765,2017-05-18,2022-11-26,2022-11-26
766,766,2017-05-19,2022-11-26,2022-11-26
767,767,2017-05-20,2022-11-26,2022-11-26
768,768,2017-05-21,2022-11-26,2022-11-26
769,769,2017-05-22,2022-11-26,2022-11-26
770,770,2017-05-23,2022-11-26,2022-11-26
771,771,2017-05-24,2022-11-26,2022-11-26
772,772,2017-05-25,2022-11-26,2022-11-26
773,773,2017-05-26,2022-11-26,2022-11-26
774,774,2017-05-27,2022-11-26,2022-11-26
775,775,2017-05-28,2022-11-26,2022-11-26
776,776,2017-05-29,2022-11-26,2022-11-26
777,777,2017-05-30,2022-11-26,2022-11-26
778,778,2017-05-31,2022-11-26,2022-11-26
779,779,2017-01-01,2022-11-26,2022-11-26
780,780,2017-01-02,2022-11-26,2022-11-26
781,781,2017-01-03,2022-11-26,2022-11-26
782,782,2017-01-04,2022-11-26,2022-11-26
783,783,2017-01-05,2022-11-26,2022-11-26
784,784,2017-01-06,2022-11-26,2022-11-26
785,785,2017-01-07,2022-11-26,2022-11-26
786,786,2017-01-08,2022-11-26,2022-11-26
787,787,2017-01-09,2022-11-26,2022-11-26
788,788,2017-01-10,2022-11-26,2022-11-26
789,789,2017-01-11,2022-11-26,2022-11-26
790,790,2017-01-12,2022-11-26,2022-11-26
791,791,2017-01-13,2022-11-26,2022-11-26
792,792,2017-01-14,2022-11-26,2022-11-26
793,793,2017-01-15,2022-11-26,2022-11-26
794,794,2017-01-16,2022-11-26,2022-11-26
795,795,2017-01-17,2022-11-26,2022-11-26
796,796,2017-01-18,2022-11-26,2022-11-26
797,797,2017-01-19,2022-11-26,2022-11-26
798,798,2017-01-20,2022-11-26,2022-11-26
799,799,2017-01-21,2022-11-26,2022-11-26
800,800,2017-01-22,2022-11-26,2022-11-26
801,801,2017-01-23,2022-11-26,2022-11-26
802,802,2017-01-24,2022-11-26,2022-11-26
803,803,2017-01-25,2022-11-26,2022-11-26
804,804,2017-01-26,2022-11-26,2022-11-26
805,805,2017-01-27,2022-11-26,2022-11-26
806,806,2017-01-28,2022-11-26,2022-11-26
807,807,2017-01-29,2022-11-26,2022-11-26
808,808,2017-01-30,2022-11-26,2022-11-26
809,809,2017-01-01,2022-11-26,2022-11-26
810,810,2017-01-02,2022-11-26,2022-11-26
811,811,2017-01-03,2022-11-26,2022-11-26
812,812,2017-01-04,2022-11-26,2022-11-26
813,813,2017-01-05,2022-11-26,2022-11-26
814,814,2017-01-06,2022-11-26,2022-11-26
815,815,2017-01-07,2022-11-26,2022-11-26
816,816,2017-01-08,2022-11-26,2022-11-26
817,817,2017-01-09,2022-11-26,2022-11-26
818,818,2017-01-10,2022-11-26,2022-11-26
819,819,2017-01-11,2022-11-26,2022-11-26
820,820,2017-01-12,2022-11-26,2022-11-26
821,821,2017-01-13,2022-11-26,2022-11-26
822,822,2017-01-14,2022-11-26,2022-11-26
823,823,2017-01-15,2022-11-26,2022-11-26
824,824,2017-01-16,2022-11-26,2022-11-26
825,825,2017-01-17,2022-11-26,2022-11-26
826,826,2017-01-18,2022-11-26,2022-11-26
827,827,2017-01-19,2022-11-26,2022-11-26
828,828,2017-01-20,2022-11-26,2022-11-26
829,829,2017-01-21,2022-11-26,2022-11-26
830,830,2017-01-22,2022-11-26,2022-11-26
831,831,2017-01-23,2022-11-26,2022-11-26
832,832,2017-01-24,2022-11-26,2022-11-26
833,833,2017-01-25,2022-11-26,2022-11-26
834,834,2017-01-26,2022-11-26,2022-11-26
835,835,2017-01-27,2022-11-26,2022-11-26
836,836,2017-01-28,2022-11-26,2022-11-26
837,837,2017-01-29,2022-11-26,2022-11-26
838,838,2017-01-30,2022-11-26,2022-11-26
839,839,2017-01-01,2022-11-26,2022-11-26
840,840,2017-01-02,2022-11-26,2022-11-26
841,841,2017-01-03,2022-11-26,2022-11-26
842,842,2017-01-04,2022-11-26,2022-11-26
843,843,2017-01-05,2022-11-26,2022-11-26
844,844,2017-01-06,2022-11-26,2022-11-26
845,845,2017-01-07,2022-11-26,2022-11-26
846,846,2017-01-08,2022-11-26,2022-11-26
847,847,2017-01-09,2022-11-26,2022-11-26
848,848,2017-01-10,2022-11-26,2022-11-26
849,849,2017-01-11,2022-11-26,2022-11-26
850,850,2017-01-12,2022-11-26,2022-11-26
851,851,2017-01-13,2022-11-26,2022-11-26
852,852,2017-01-14,2022-11-26,2022-11-26
853,853,2017-01-15,2022-11-26,2022-11-26
854,854,2017-01-16,2022-11-26,2022-11-26
855,855,2017-01-17,2022-11-26,2022-11-26
856,856,2017-01-18,2022-11-26,2022-11-26
857,857,2017-01-19,2022-11-26,2022-11-26
858,858,2017-01-20,2022-11-26,2022-11-26
859,859,2017-01-21,2022-11-26,2022-11-26
860,860,2017-01-22,2022-11-26,2022-11-26
861,861,2017-01-23,2022-11-26,2022-11-26
862,862,2017-01-24,2022-11-26,2022-11-26
863,863,2017-01-25,2022-11-26,2022-11-26
864,864,2017-01-26,2022-11-26,2022-11-26
865,865,2017-01-27,2022-11-26,2022-11-26
866,866,2017-01-28,2022-11-26,2022-11-26
867,867,2017-01-29,2022-11-26,2022-11-26
868,868,2017-01-30,2022-11-26,2022-11-26
869,869,2017-01-01,2022-11-26,2022-11-26
870,870,2017-01-02,2022-11-26,2022-11-26
871,871,2017-01-03,2022-11-26,2022-11-26
872,872,2017-01-04,2022-11-26,2022-11-26
873,873,2017-01-05,2022-11-26,2022-11-26
874,874,2017-01-06,2022-11-26,2022-11-26
875,875,2017-01-07,2022-11-26,2022-11-26
876,876,2017-01-08,2022-11-26,2022-11-26
877,877,2017-01-09,2022-11-26,2022-11-26
878,878,2017-01-10,2022-11-26,2022-11-26
879,879,2017-01-11,2022-11-26,2022-11-26
880,880,2017-01-12,2022-11-26,2022-11-26
881,881,2017-01-13,2022-11-26,2022-11-26
882,882,2017-01-14,2022-11-26,2022-11-26
883,883,2017-01-15,2022-11-26,2022-11-26
884,884,2017-01-16,2022-11-26,2022-11-26
885,885,2017-01-17,2022-11-26,2022-11-26
886,886,2017-01-18,2022-11-26,2022-11-26
887,887,2017-01-19,2022-11-26,2022-11-26
888,888,2017-01-20,2022-11-26,2022-11-26
889,889,2017-01-21,2022-11-26,2022-11-26
890,890,2017-01-22,2022-11-26,2022-11-26
891,891,2017-01-23,2022-11-26,2022-11-26
892,892,2017-01-24,2022-11-26,2022-11-26
893,893,2017-01-25,2022-11-26,2022-11-26
894,894,2017-01-26,2022-11-26,2022-11-26
895,895,2017-01-27,2022-11-26,2022-11-26
896,896,2017-01-28,2022-11-26,2022-11-26
897,897,2017-01-29,2022-11-26,2022-11-26
898,898,2017-01-30,2022-11-26,2022-11-26
899,899,2017-02-01,2022-11-26,2022-11-26
900,900,2017-02-02,2022-11-26,2022-11-26
901,901,2017-02-03,2022-11-26,2022-11-26
902,902,2017-02-04,2022-11-26,2022-11-26
903,903,2017-02-05,2022-11-26,2022-11-26
904,904,2017-02-06,2022-11-26,2022-11-26
905,905,2017-02-07,2022-11-26,2022-11-26
906,906,2017-02-08,2022-11-26,2022-11-26
907,907,2017-02-09,2022-11-26,2022-11-26
908,908,2017-02-10,2022-11-26,2022-11-26
909,909,2017-02-11,2022-11-26,2022-11-26
910,910,2017-02-12,2022-11-26,2022-11-26
911,911,2017-02-13,2022-11-26,2022-11-26
912,912,2017-02-14,2022-11-26,2022-11-26
913,913,2017-02-15,2022-11-26,2022-11-26
914,914,2017-02-16,2022-11-26,2022-11-26
915,915,2017-02-17,2022-11-26,2022-11-26
916,916,2017-02-18,2022-11-26,2022-11-26
917,917,2017-02-19,2022-11-26,2022-11-26
918,918,2017-02-20,2022-11-26,2022-11-26
919,919,2017-02-21,2022-11-26,2022-11-26
920,920,2017-02-22,2022-11-26,2022-11-26
921,921,2017-02-23,2022-11-26,2022-11-26
922,922,2017-02-24,2022-11-26,2022-11-26
923,923,2017-02-25,2022-11-26,2022-11-26
924,924,2017-02-26,2022-11-26,2022-11-26
925,925,2017-02-27,2022-11-26,2022-11-26
926,926,2017-02-28,2022-11-26,2022-11-26
927,927,2017-02-01,2022-11-26,2022-11-26
928,928,2017-02-02,2022-11-26,2022-11-26
929,929,2017-02-03,2022-11-26,2022-11-26
930,930,2017-02-04,2022-11-26,2022-11-26
931,931,2017-02-05,2022-11-26,2022-11-26
932,932,2017-02-06,2022-11-26,2022-11-26
933,933,2017-02-07,2022-11-26,2022-11-26
934,934,2017-02-08,2022-11-26,2022-11-26
935,935,2017-02-09,2022-11-26,2022-11-26
936,936,2017-02-10,2022-11-26,2022-11-26
937,937,2017-02-11,2022-11-26,2022-11-26
938,938,2017-02-12,2022-11-26,2022-11-26
939,939,2017-02-13,2022-11-26,2022-11-26
940,940,2017-02-14,2022-11-26,2022-11-26
941,941,2017-02-15,2022-11-26,2022-11-26
942,942,2017-02-16,2022-11-26,2022-11-26
943,943,2017-02-17,2022-11-26,2022-11-26
944,944,2017-02-18,2022-11-26,2022-11-26
945,945,2017-02-19,2022-11-26,2022-11-26
946,946,2017-02-20,2022-11-26,2022-11-26
947,947,2017-02-21,2022-11-26,2022-11-26
948,948,2017-02-22,2022-11-26,2022-11-26
949,949,2017-02-23,2022-11-26,2022-11-26
950,950,2017-02-24,2022-11-26,2022-11-26
951,951,2017-02-25,2022-11-26,2022-11-26
952,952,2017-02-26,2022-11-26,2022-11-26
953,953,2017-02-27,2022-11-26,2022-11-26
954,954,2017-02-28,2022-11-26,2022-11-26
955,955,2017-02-01,2022-11-26,2022-11-26
956,956,2017-02-02,2022-11-26,2022-11-26
957,957,2017-02-03,2022-11-26,2022-11-26
958,958,2017-02-04,2022-11-26,2022-11-26
959,959,2017-02-05,2022-11-26,2022-11-26
960,960,2017-02-06,2022-11-26,2022-11-26
961,961,2017-02-07,2022-11-26,2022-11-26
962,962,2017-02-08,2022-11-26,2022-11-26
963,963,2017-02-09,2022-11-26,2022-11-26
964,964,2017-02-10,2022-11-26,2022-11-26
965,965,2017-02-11,2022-11-26,2022-11-26
966,966,2017-02-12,2022-11-26,2022-11-26
967,967,2017-02-13,2022-11-26,2022-11-26
968,968,2017-02-14,2022-11-26,2022-11-26
969,969,2017-02-15,2022-11-26,2022-11-26
970,970,2017-02-16,2022-11-26,2022-11-26
971,971,2017-02-17,2022-11-26,2022-11-26
972,972,2017-02-18,2022-11-26,2022-11-26
973,973,2017-02-19,2022-11-26,2022-11-26
974,974,2017-02-20,2022-11-26,2022-11-26
975,975,2017-02-21,2022-11-26,2022-11-26
976,976,2017-02-22,2022-11-26,2022-11-26
977,977,2017-02-23,2022-11-26,2022-11-26
978,978,2017-02-24,2022-11-26,2022-11-26
979,979,2017-02-25,2022-11-26,2022-11-26
980,980,2017-02-26,2022-11-26,2022-11-26
981,981,2017-02-27,2022-11-26,2022-11-26
982,982,2017-02-28,2022-11-26,2022-11-26
983,983,2017-03-01,2022-11-26,2022-11-26
984,984,2017-03-02,2022-11-26,2022-11-26
985,985,2017-03-03,2022-11-26,2022-11-26
986,986,2017-03-04,2022-11-26,2022-11-26
987,987,2017-03-05,2022-11-26,2022-11-26
988,988,2017-03-06,2022-11-26,2022-11-26
989,989,2017-03-07,2022-11-26,2022-11-26
990,990,2017-03-08,2022-11-26,2022-11-26
991,991,2017-03-09,2022-11-26,2022-11-26
992,992,2017-03-10,2022-11-26,2022-11-26
993,993,2017-03-11,2022-11-26,2022-11-26
994,994,2017-03-12,2022-11-26,2022-11-26
995,995,2017-03-13,2022-11-26,2022-11-26
996,996,2017-03-14,2022-11-26,2022-11-26
997,997,2017-03-15,2022-11-26,2022-11-26
998,998,2017-03-16,2022-11-26,2022-11-26
999,999,2017-03-17,2022-11-26,2022-11-26
1000,1000,2017-03-18,2022-11-26,2022-11-26
1001,1001,2017-03-19,2022-11-26,2022-11-26
1002,1002,2017-03-20,2022-11-26,2022-11-26
1003,1003,2017-03-21,2022-11-26,2022-11-26
1004,1004,2017-03-22,2022-11-26,2022-11-26
1005,1005,2017-03-23,2022-11-26,2022-11-26
1006,1006,2017-03-24,2022-11-26,2022-11-26
1007,1007,2017-03-25,2022-11-26,2022-11-26
1008,1008,2017-03-26,2022-11-26,2022-11-26
1009,1009,2017-03-27,2022-11-26,2022-11-26
1010,1010,2017-03-28,2022-11-26,2022-11-26
1011,1011,2017-03-29,2022-11-26,2022-11-26
1012,1012,2017-03-30,2022-11-26,2022-11-26
1013,1013,2017-03-31,2022-11-26,2022-11-26
1014,1014,2017-03-01,2022-11-26,2022-11-26
1015,1015,2017-03-02,2022-11-26,2022-11-26
1016,1016,2017-03-03,2022-11-26,2022-11-26
1017,1017,2017-03-04,2022-11-26,2022-11-26
1018,1018,2017-03-05,2022-11-26,2022-11-26
1019,1019,2017-03-06,2022-11-26,2022-11-26
1020,1020,2017-03-07,2022-11-26,2022-11-26
1021,1021,2017-03-08,2022-11-26,2022-11-26
1022,1022,2017-03-09,2022-11-26,2022-11-26
1023,1023,2017-03-10,2022-11-26,2022-11-26
1024,1024,2017-03-11,2022-11-26,2022-11-26
1025,1025,2017-03-12,2022-11-26,2022-11-26
1026,1026,2017-03-13,2022-11-26,2022-11-26
1027,1027,2017-03-14,2022-11-26,2022-11-26
1028,1028,2017-03-15,2022-11-26,2022-11-26
1029,1029,2017-03-16,2022-11-26,2022-11-26
1030,1030,2017-03-17,2022-11-26,2022-11-26
1031,1031,2017-03-18,2022-11-26,2022-11-26
1032,1032,2017-03-19,2022-11-26,2022-11-26
1033,1033,2017-03-20,2022-11-26,2022-11-26
1034,1034,2017-03-21,2022-11-26,2022-11-26
1035,1035,2017-03-22,2022-11-26,2022-11-26
1036,1036,2017-03-23,2022-11-26,2022-11-26
1037,1037,2017-03-24,2022-11-26,2022-11-26
1038,1038,2017-03-25,2022-11-26,2022-11-26
1039,1039,2017-03-26,2022-11-26,2022-11-26
1040,1040,2017-03-27,2022-11-26,2022-11-26
1041,1041,2017-03-28,2022-11-26,2022-11-26
1042,1042,2017-03-29,2022-11-26,2022-11-26
1043,1043,2017-03-30,2022-11-26,2022-11-26
1044,1044,2017-03-31,2022-11-26,2022-11-26
1045,1045,2017-03-01,2022-11-26,2022-11-26
1046,1046,2017-03-02,2022-11-26,2022-11-26
1047,1047,2017-03-03,2022-11-26,2022-11-26
1048,1048,2017-03-04,2022-11-26,2022-11-26
1049,1049,2017-03-05,2022-11-26,2022-11-26
1050,1050,2017-03-06,2022-11-26,2022-11-26
1051,1051,2017-03-07,2022-11-26,2022-11-26
1052,1052,2017-03-08,2022-11-26,2022-11-26
1053,1053,2017-03-09,2022-11-26,2022-11-26
1054,1054,2017-03-10,2022-11-26,2022-11-26
1055,1055,2017-03-11,2022-11-26,2022-11-26
1056,1056,2017-03-12,2022-11-26,2022-11-26
1057,1057,2017-03-13,2022-11-26,2022-11-26
1058,1058,2017-03-14,2022-11-26,2022-11-26
1059,1059,2017-03-15,2022-11-26,2022-11-26
1060,1060,2017-03-16,2022-11-26,2022-11-26
1061,1061,2017-03-17,2022-11-26,2022-11-26
1062,1062,2017-03-18,2022-11-26,2022-11-26
1063,1063,2017-03-19,2022-11-26,2022-11-26
1064,1064,2017-03-20,2022-11-26,2022-11-26
1065,1065,2017-03-21,2022-11-26,2022-11-26
1066,1066,2017-03-22,2022-11-26,2022-11-26
1067,1067,2017-03-23,2022-11-26,2022-11-26
1068,1068,2017-03-24,2022-11-26,2022-11-26
1069,1069,2017-03-25,2022-11-26,2022-11-26
1070,1070,2017-03-26,2022-11-26,2022-11-26
1071,1071,2017-03-27,2022-11-26,2022-11-26
1072,1072,2017-03-28,2022-11-26,2022-11-26
1073,1073,2017-03-29,2022-11-26,2022-11-26
1074,1074,2017-03-30,2022-11-26,2022-11-26
1075,1075,2017-03-31,2022-11-26,2022-11-26
1076,1076,2017-03-01,2022-11-26,2022-11-26
1077,1077,2017-03-02,2022-11-26,2022-11-26
1078,1078,2017-03-03,2022-11-26,2022-11-26
1079,1079,2017-03-04,2022-11-26,2022-11-26
1080,1080,2017-03-05,2022-11-26,2022-11-26
1081,1081,2017-03-06,2022-11-26,2022-11-26
1082,1082,2017-03-07,2022-11-26,2022-11-26
1083,1083,2017-03-08,2022-11-26,2022-11-26
1084,1084,2017-03-09,2022-11-26,2022-11-26
1085,1085,2017-03-10,2022-11-26,2022-11-26
1086,1086,2017-03-11,2022-11-26,2022-11-26
1087,1087,2017-03-12,2022-11-26,2022-11-26
1088,1088,2017-03-13,2022-11-26,2022-11-26
1089,1089,2017-03-14,2022-11-26,2022-11-26
1090,1090,2017-03-15,2022-11-26,2022-11-26
1091,1091,2017-03-16,2022-11-26,2022-11-26
1092,1092,2017-03-17,2022-11-26,2022-11-26
1093,1093,2017-03-18,2022-11-26,2022-11-26
1094,1094,2017-03-19,2022-11-26,2022-11-26
1095,1095,2017-03-20,2022-11-26,2022-11-26
1096,1096,2017-03-21,2022-11-26,2022-11-26
1097,1097,2017-03-22,2022-11-26,2022-11-26
1098,1098,2017-03-23,2022-11-26,2022-11-26
1099,1099,2017-03-24,2022-11-26,2022-11-26
1100,1100,2017-03-25,2022-11-26,2022-11-26
1101,1101,2017-03-26,2022-11-26,2022-11-26
1102,1102,2017-03-27,2022-11-26,2022-11-26
1103,1103,2017-03-28,2022-11-26,2022-11-26
1104,1104,2017-03-29,2022-11-26,2022-11-26
1105,1105,2017-03-30,2022-11-26,2022-11-26
1106,1106,2017-03-31,2022-11-26,2022-11-26
1107,1107,2017-04-01,2022-11-26,2022-11-26
1108,1108,2017-04-02,2022-11-26,2022-11-26
1109,1109,2017-04-03,2022-11-26,2022-11-26
1110,1110,2017-04-04,2022-11-26,2022-11-26
1111,1111,2017-04-05,2022-11-26,2022-11-26
1112,1112,2017-04-06,2022-11-26,2022-11-26
1113,1113,2017-04-07,2022-11-26,2022-11-26
1114,1114,2017-04-08,2022-11-26,2022-11-26
1115,1115,2017-04-09,2022-11-26,2022-11-26
1116,1116,2017-04-10,2022-11-26,2022-11-26
1117,1117,2017-04-11,2022-11-26,2022-11-26
1118,1118,2017-04-12,2022-11-26,2022-11-26
1119,1119,2017-04-13,2022-11-26,2022-11-26
1120,1120,2017-04-14,2022-11-26,2022-11-26
1121,1121,2017-04-15,2022-11-26,2022-11-26
1122,1122,2017-04-16,2022-11-26,2022-11-26
1123,1123,2017-04-17,2022-11-26,2022-11-26
1124,1124,2017-04-18,2022-11-26,2022-11-26
1125,1125,2017-04-19,2022-11-26,2022-11-26
1126,1126,2017-04-20,2022-11-26,2022-11-26
1127,1127,2017-04-21,2022-11-26,2022-11-26
1128,1128,2017-04-22,2022-11-26,2022-11-26
1129,1129,2017-04-23,2022-11-26,2022-11-26
1130,1130,2017-04-24,2022-11-26,2022-11-26
1131,1131,2017-04-25,2022-11-26,2022-11-26
1132,1132,2017-04-26,2022-11-26,2022-11-26
1133,1133,2017-04-27,2022-11-26,2022-11-26
1134,1134,2017-04-28,2022-11-26,2022-11-26
1135,1135,2017-04-29,2022-11-26,2022-11-26
1136,1136,2017-04-30,2022-11-26,2022-11-26
1137,1137,2017-05-01,2022-11-26,2022-11-26
1138,1138,2017-05-02,2022-11-26,2022-11-26
1139,1139,2017-05-03,2022-11-26,2022-11-26
1140,1140,2017-05-04,2022-11-26,2022-11-26
1141,1141,2017-05-05,2022-11-26,2022-11-26
1142,1142,2017-05-06,2022-11-26,2022-11-26
1143,1143,2017-05-07,2022-11-26,2022-11-26
1144,1144,2017-05-08,2022-11-26,2022-11-26
1145,1145,2017-05-09,2022-11-26,2022-11-26
1146,1146,2017-05-10,2022-11-26,2022-11-26
1147,1147,2017-05-11,2022-11-26,2022-11-26
1148,1148,2017-05-12,2022-11-26,2022-11-26
1149,1149,2017-05-13,2022-11-26,2022-11-26
1150,1150,2017-05-14,2022-11-26,2022-11-26
1151,1151,2017-05-15,2022-11-26,2022-11-26
1152,1152,2017-05-16,2022-11-26,2022-11-26
1153,1153,2017-05-17,2022-11-26,2022-11-26
1154,1154,2017-05-18,2022-11-26,2022-11-26
1155,1155,2017-05-19,2022-11-26,2022-11-26
1156,1156,2017-05-20,2022-11-26,2022-11-26
1157,1157,2017-05-21,2022-11-26,2022-11-26
1158,1158,2017-05-22,2022-11-26,2022-11-26
1159,1159,2017-05-23,2022-11-26,2022-11-26
1160,1160,2017-05-24,2022-11-26,2022-11-26
1161,1161,2017-05-25,2022-11-26,2022-11-26
1162,1162,2017-05-26,2022-11-26,2022-11-26
1163,1163,2017-05-27,2022-11-26,2022-11-26
1164,1164,2017-05-28,2022-11-26,2022-11-26
1165,1165,2017-05-29,2022-11-26,2022-11-26
1166,1166,2017-05-30,2022-11-26,2022-11-26
1167,1167,2017-05-31,2022-11-26,2022-11-26
1168,1168,2017-01-01,2022-11-26,2022-11-26
1169,1169,2017-01-02,2022-11-26,2022-11-26
1170,1170,2017-01-03,2022-11-26,2022-11-26
1171,1171,2017-01-04,2022-11-26,2022-11-26
1172,1172,2017-01-05,2022-11-26,2022-11-26
1173,1173,2017-01-06,2022-11-26,2022-11-26
1174,1174,2017-01-07,2022-11-26,2022-11-26
1175,1175,2017-01-08,2022-11-26,2022-11-26
1176,1176,2017-01-09,2022-11-26,2022-11-26
1177,1177,2017-01-10,2022-11-26,2022-11-26
1178,1178,2017-01-11,2022-11-26,2022-11-26
1179,1179,2017-01-12,2022-11-26,2022-11-26
1180,1180,2017-01-13,2022-11-26,2022-11-26
1181,1181,2017-01-14,2022-11-26,2022-11-26
1182,1182,2017-01-15,2022-11-26,2022-11-26
1183,1183,2017-01-16,2022-11-26,2022-11-26
1184,1184,2017-01-17,2022-11-26,2022-11-26
1185,1185,2017-01-18,2022-11-26,2022-11-26
1186,1186,2017-01-19,2022-11-26,2022-11-26
1187,1187,2017-01-20,2022-11-26,2022-11-26
1188,1188,2017-01-21,2022-11-26,2022-11-26
1189,1189,2017-01-22,2022-11-26,2022-11-26
1190,1190,2017-01-23,2022-11-26,2022-11-26
1191,1191,2017-01-24,2022-11-26,2022-11-26
1192,1192,2017-01-25,2022-11-26,2022-11-26
1193,1193,2017-01-26,2022-11-26,2022-11-26
1194,1194,2017-01-27,2022-11-26,2022-11-26
1195,1195,2017-01-28,2022-11-26,2022-11-26
1196,1196,2017-01-29,2022-11-26,2022-11-26
1197,1197,2017-01-30,2022-11-26,2022-11-26
1198,1198,2017-01-01,2022-11-26,2022-11-26
1199,1199,2017-01-02,2022-11-26,2022-11-26
1200,1200,2017-01-03,2022-11-26,2022-11-26
1201,1201,2017-01-04,2022-11-26,2022-11-26
1202,1202,2017-01-05,2022-11-26,2022-11-26
1203,1203,2017-01-06,2022-11-26,2022-11-26
1204,1204,2017-01-07,2022-11-26,2022-11-26
1205,1205,2017-01-08,2022-11-26,2022-11-26
1206,1206,2017-01-09,2022-11-26,2022-11-26
1207,1207,2017-01-10,2022-11-26,2022-11-26
1208,1208,2017-01-11,2022-11-26,2022-11-26
1209,1209,2017-01-12,2022-11-26,2022-11-26
1210,1210,2017-01-13,2022-11-26,2022-11-26
1211,1211,2017-01-14,2022-11-26,2022-11-26
1212,1212,2017-01-15,2022-11-26,2022-11-26
1213,1213,2017-01-16,2022-11-26,2022-11-26
1214,1214,2017-01-17,2022-11-26,2022-11-26
1215,1215,2017-01-18,2022-11-26,2022-11-26
1216,1216,2017-01-19,2022-11-26,2022-11-26
1217,1217,2017-01-20,2022-11-26,2022-11-26
1218,1218,2017-01-21,2022-11-26,2022-11-26
1219,1219,2017-01-22,2022-11-26,2022-11-26
1220,1220,2017-01-23,2022-11-26,2022-11-26
1221,1221,2017-01-24,2022-11-26,2022-11-26
1222,1222,2017-01-25,2022-11-26,2022-11-26
1223,1223,2017-01-26,2022-11-26,2022-11-26
1224,1224,2017-01-27,2022-11-26,2022-11-26
1225,1225,2017-01-28,2022-11-26,2022-11-26
1226,1226,2017-01-29,2022-11-26,2022-11-26
1227,1227,2017-01-30,2022-11-26,2022-11-26
1228,1228,2017-01-01,2022-11-26,2022-11-26
1229,1229,2017-01-02,2022-11-26,2022-11-26
1230,1230,2017-01-03,2022-11-26,2022-11-26
1231,1231,2017-01-04,2022-11-26,2022-11-26
1232,1232,2017-01-05,2022-11-26,2022-11-26
1233,1233,2017-01-06,2022-11-26,2022-11-26
1234,1234,2017-01-07,2022-11-26,2022-11-26
1235,1235,2017-01-08,2022-11-26,2022-11-26
1236,1236,2017-01-09,2022-11-26,2022-11-26
1237,1237,2017-01-10,2022-11-26,2022-11-26
1238,1238,2017-01-11,2022-11-26,2022-11-26
1239,1239,2017-01-12,2022-11-26,2022-11-26
1240,1240,2017-01-13,2022-11-26,2022-11-26
1241,1241,2017-01-14,2022-11-26,2022-11-26
1242,1242,2017-01-15,2022-11-26,2022-11-26
1243,1243,2017-01-16,2022-11-26,2022-11-26
1244,1244,2017-01-17,2022-11-26,2022-11-26
1245,1245,2017-01-18,2022-11-26,2022-11-26
1246,1246,2017-01-19,2022-11-26,2022-11-26
1247,1247,2017-01-20,2022-11-26,2022-11-26
1248,1248,2017-01-21,2022-11-26,2022-11-26
1249,1249,2017-01-22,2022-11-26,2022-11-26
1250,1250,2017-01-23,2022-11-26,2022-11-26
1251,1251,2017-01-24,2022-11-26,2022-11-26
1252,1252,2017-01-25,2022-11-26,2022-11-26
1253,1253,2017-01-26,2022-11-26,2022-11-26
1254,1254,2017-01-27,2022-11-26,2022-11-26
1255,1255,2017-01-28,2022-11-26,2022-11-26
1256,1256,2017-01-29,2022-11-26,2022-11-26
1257,1257,2017-01-30,2022-11-26,2022-11-26
1258,1258,2017-01-01,2022-11-26,2022-11-26
1259,1259,2017-01-02,2022-11-26,2022-11-26
1260,1260,2017-01-03,2022-11-26,2022-11-26
1261,1261,2017-01-04,2022-11-26,2022-11-26
1262,1262,2017-01-05,2022-11-26,2022-11-26
1263,1263,2017-01-06,2022-11-26,2022-11-26
1264,1264,2017-01-07,2022-11-26,2022-11-26
1265,1265,2017-01-08,2022-11-26,2022-11-26
1266,1266,2017-01-09,2022-11-26,2022-11-26
1267,1267,2017-01-10,2022-11-26,2022-11-26
1268,1268,2017-01-11,2022-11-26,2022-11-26
1269,1269,2017-01-12,2022-11-26,2022-11-26
1270,1270,2017-01-13,2022-11-26,2022-11-26
1271,1271,2017-01-14,2022-11-26,2022-11-26
1272,1272,2017-01-15,2022-11-26,2022-11-26
1273,1273,2017-01-16,2022-11-26,2022-11-26
1274,1274,2017-01-17,2022-11-26,2022-11-26
1275,1275,2017-01-18,2022-11-26,2022-11-26
1276,1276,2017-01-19,2022-11-26,2022-11-26
1277,1277,2017-01-20,2022-11-26,2022-11-26
1278,1278,2017-01-21,2022-11-26,2022-11-26
1279,1279,2017-01-22,2022-11-26,2022-11-26
1280,1280,2017-01-23,2022-11-26,2022-11-26
1281,1281,2017-01-24,2022-11-26,2022-11-26
1282,1282,2017-01-25,2022-11-26,2022-11-26
1283,1283,2017-01-26,2022-11-26,2022-11-26
1284,1284,2017-01-27,2022-11-26,2022-11-26
1285,1285,2017-01-28,2022-11-26,2022-11-26
1286,1286,2017-01-29,2022-11-26,2022-11-26
1287,1287,2017-01-30,2022-11-26,2022-11-26
1288,1288,2017-02-01,2022-11-26,2022-11-26
1289,1289,2017-02-02,2022-11-26,2022-11-26
1290,1290,2017-02-03,2022-11-26,2022-11-26
1291,1291,2017-02-04,2022-11-26,2022-11-26
1292,1292,2017-02-05,2022-11-26,2022-11-26
1293,1293,2017-02-06,2022-11-26,2022-11-26
1294,1294,2017-02-07,2022-11-26,2022-11-26
1295,1295,2017-02-08,2022-11-26,2022-11-26
1296,1296,2017-02-09,2022-11-26,2022-11-26
1297,1297,2017-02-10,2022-11-26,2022-11-26
1298,1298,2017-02-11,2022-11-26,2022-11-26
1299,1299,2017-02-12,2022-11-26,2022-11-26
1300,1300,2017-02-13,2022-11-26,2022-11-26
1301,1301,2017-02-14,2022-11-26,2022-11-26
1302,1302,2017-02-15,2022-11-26,2022-11-26
1303,1303,2017-02-16,2022-11-26,2022-11-26
1304,1304,2017-02-17,2022-11-26,2022-11-26
1305,1305,2017-02-18,2022-11-26,2022-11-26
1306,1306,2017-02-19,2022-11-26,2022-11-26
1307,1307,2017-02-20,2022-11-26,2022-11-26
1308,1308,2017-02-21,2022-11-26,2022-11-26
1309,1309,2017-02-22,2022-11-26,2022-11-26
1310,1310,2017-02-23,2022-11-26,2022-11-26
1311,1311,2017-02-24,2022-11-26,2022-11-26
1312,1312,2017-02-25,2022-11-26,2022-11-26
1313,1313,2017-02-26,2022-11-26,2022-11-26
1314,1314,2017-02-27,2022-11-26,2022-11-26
1315,1315,2017-02-28,2022-11-26,2022-11-26
1316,1316,2017-02-01,2022-11-26,2022-11-26
1317,1317,2017-02-02,2022-11-26,2022-11-26
1318,1318,2017-02-03,2022-11-26,2022-11-26
1319,1319,2017-02-04,2022-11-26,2022-11-26
1320,1320,2017-02-05,2022-11-26,2022-11-26
1321,1321,2017-02-06,2022-11-26,2022-11-26
1322,1322,2017-02-07,2022-11-26,2022-11-26
1323,1323,2017-02-08,2022-11-26,2022-11-26
1324,1324,2017-02-09,2022-11-26,2022-11-26
1325,1325,2017-02-10,2022-11-26,2022-11-26
1326,1326,2017-02-11,2022-11-26,2022-11-26
1327,1327,2017-02-12,2022-11-26,2022-11-26
1328,1328,2017-02-13,2022-11-26,2022-11-26
1329,1329,2017-02-14,2022-11-26,2022-11-26
1330,1330,2017-02-15,2022-11-26,2022-11-26
1331,1331,2017-02-16,2022-11-26,2022-11-26
1332,1332,2017-02-17,2022-11-26,2022-11-26
1333,1333,2017-02-18,2022-11-26,2022-11-26
1334,1334,2017-02-19,2022-11-26,2022-11-26
1335,1335,2017-02-20,2022-11-26,2022-11-26
1336,1336,2017-02-21,2022-11-26,2022-11-26
1337,1337,2017-02-22,2022-11-26,2022-11-26
1338,1338,2017-02-23,2022-11-26,2022-11-26
1339,1339,2017-02-24,2022-11-26,2022-11-26
1340,1340,2017-02-25,2022-11-26,2022-11-26
1341,1341,2017-02-26,2022-11-26,2022-11-26
1342,1342,2017-02-27,2022-11-26,2022-11-26
1343,1343,2017-02-28,2022-11-26,2022-11-26
1344,1344,2017-02-01,2022-11-26,2022-11-26
1345,1345,2017-02-02,2022-11-26,2022-11-26
1346,1346,2017-02-03,2022-11-26,2022-11-26
1347,1347,2017-02-04,2022-11-26,2022-11-26
1348,1348,2017-02-05,2022-11-26,2022-11-26
1349,1349,2017-02-06,2022-11-26,2022-11-26
1350,1350,2017-02-07,2022-11-26,2022-11-26
1351,1351,2017-02-08,2022-11-26,2022-11-26
1352,1352,2017-02-09,2022-11-26,2022-11-26
1353,1353,2017-02-10,2022-11-26,2022-11-26
1354,1354,2017-02-11,2022-11-26,2022-11-26
1355,1355,2017-02-12,2022-11-26,2022-11-26
1356,1356,2017-02-13,2022-11-26,2022-11-26
1357,1357,2017-02-14,2022-11-26,2022-11-26
1358,1358,2017-02-15,2022-11-26,2022-11-26
1359,1359,2017-02-16,2022-11-26,2022-11-26
1360,1360,2017-02-17,2022-11-26,2022-11-26
1361,1361,2017-02-18,2022-11-26,2022-11-26
1362,1362,2017-02-19,2022-11-26,2022-11-26
1363,1363,2017-02-20,2022-11-26,2022-11-26
1364,1364,2017-02-21,2022-11-26,2022-11-26
1365,1365,2017-02-22,2022-11-26,2022-11-26
1366,1366,2017-02-23,2022-11-26,2022-11-26
1367,1367,2017-02-24,2022-11-26,2022-11-26
1368,1368,2017-02-25,2022-11-26,2022-11-26
1369,1369,2017-02-26,2022-11-26,2022-11-26
1370,1370,2017-02-27,2022-11-26,2022-11-26
1371,1371,2017-02-28,2022-11-26,2022-11-26
1372,1372,2017-03-01,2022-11-26,2022-11-26
1373,1373,2017-03-02,2022-11-26,2022-11-26
1374,1374,2017-03-03,2022-11-26,2022-11-26
1375,1375,2017-03-04,2022-11-26,2022-11-26
1376,1376,2017-03-05,2022-11-26,2022-11-26
1377,1377,2017-03-06,2022-11-26,2022-11-26
1378,1378,2017-03-07,2022-11-26,2022-11-26
1379,1379,2017-03-08,2022-11-26,2022-11-26
1380,1380,2017-03-09,2022-11-26,2022-11-26
1381,1381,2017-03-10,2022-11-26,2022-11-26
1382,1382,2017-03-11,2022-11-26,2022-11-26
1383,1383,2017-03-12,2022-11-26,2022-11-26
1384,1384,2017-03-13,2022-11-26,2022-11-26
1385,1385,2017-03-14,2022-11-26,2022-11-26
1386,1386,2017-03-15,2022-11-26,2022-11-26
1387,1387,2017-03-16,2022-11-26,2022-11-26
1388,1388,2017-03-17,2022-11-26,2022-11-26
1389,1389,2017-03-18,2022-11-26,2022-11-26
1390,1390,2017-03-19,2022-11-26,2022-11-26
1391,1391,2017-03-20,2022-11-26,2022-11-26
1392,1392,2017-03-21,2022-11-26,2022-11-26
1393,1393,2017-03-22,2022-11-26,2022-11-26
1394,1394,2017-03-23,2022-11-26,2022-11-26
1395,1395,2017-03-24,2022-11-26,2022-11-26
1396,1396,2017-03-25,2022-11-26,2022-11-26
1397,1397,2017-03-26,2022-11-26,2022-11-26
1398,1398,2017-03-27,2022-11-26,2022-11-26
1399,1399,2017-03-28,2022-11-26,2022-11-26
1400,1400,2017-03-29,2022-11-26,2022-11-26
1401,1401,2017-03-30,2022-11-26,2022-11-26
1402,1402,2017-03-31,2022-11-26,2022-11-26
1403,1403,2017-03-01,2022-11-26,2022-11-26
1404,1404,2017-03-02,2022-11-26,2022-11-26
1405,1405,2017-03-03,2022-11-26,2022-11-26
1406,1406,2017-03-04,2022-11-26,2022-11-26
1407,1407,2017-03-05,2022-11-26,2022-11-26
1408,1408,2017-03-06,2022-11-26,2022-11-26
1409,1409,2017-03-07,2022-11-26,2022-11-26
1410,1410,2017-03-08,2022-11-26,2022-11-26
1411,1411,2017-03-09,2022-11-26,2022-11-26
1412,1412,2017-03-10,2022-11-26,2022-11-26
1413,1413,2017-03-11,2022-11-26,2022-11-26
1414,1414,2017-03-12,2022-11-26,2022-11-26
1415,1415,2017-03-13,2022-11-26,2022-11-26
1416,1416,2017-03-14,2022-11-26,2022-11-26
1417,1417,2017-03-15,2022-11-26,2022-11-26
1418,1418,2017-03-16,2022-11-26,2022-11-26
1419,1419,2017-03-17,2022-11-26,2022-11-26
1420,1420,2017-03-18,2022-11-26,2022-11-26
1421,1421,2017-03-19,2022-11-26,2022-11-26
1422,1422,2017-03-20,2022-11-26,2022-11-26
1423,1423,2017-03-21,2022-11-26,2022-11-26
1424,1424,2017-03-22,2022-11-26,2022-11-26
1425,1425,2017-03-23,2022-11-26,2022-11-26
1426,1426,2017-03-24,2022-11-26,2022-11-26
1427,1427,2017-03-25,2022-11-26,2022-11-26
1428,1428,2017-03-26,2022-11-26,2022-11-26
1429,1429,2017-03-27,2022-11-26,2022-11-26
1430,1430,2017-03-28,2022-11-26,2022-11-26
1431,1431,2017-03-29,2022-11-26,2022-11-26
1432,1432,2017-03-30,2022-11-26,2022-11-26
1433,1433,2017-03-31,2022-11-26,2022-11-26
1434,1434,2017-03-01,2022-11-26,2022-11-26
1435,1435,2017-03-02,2022-11-26,2022-11-26
1436,1436,2017-03-03,2022-11-26,2022-11-26
1437,1437,2017-03-04,2022-11-26,2022-11-26
1438,1438,2017-03-05,2022-11-26,2022-11-26
1439,1439,2017-03-06,2022-11-26,2022-11-26
1440,1440,2017-03-07,2022-11-26,2022-11-26
1441,1441,2017-03-08,2022-11-26,2022-11-26
1442,1442,2017-03-09,2022-11-26,2022-11-26
1443,1443,2017-03-10,2022-11-26,2022-11-26
1444,1444,2017-03-11,2022-11-26,2022-11-26
1445,1445,2017-03-12,2022-11-26,2022-11-26
1446,1446,2017-03-13,2022-11-26,2022-11-26
1447,1447,2017-03-14,2022-11-26,2022-11-26
1448,1448,2017-03-15,2022-11-26,2022-11-26
1449,1449,2017-03-16,2022-11-26,2022-11-26
1450,1450,2017-03-17,2022-11-26,2022-11-26
1451,1451,2017-03-18,2022-11-26,2022-11-26
1452,1452,2017-03-19,2022-11-26,2022-11-26
1453,1453,2017-03-20,2022-11-26,2022-11-26
1454,1454,2017-03-21,2022-11-26,2022-11-26
1455,1455,2017-03-22,2022-11-26,2022-11-26
1456,1456,2017-03-23,2022-11-26,2022-11-26
1457,1457,2017-03-24,2022-11-26,2022-11-26
1458,1458,2017-03-25,2022-11-26,2022-11-26
1459,1459,2017-03-26,2022-11-26,2022-11-26
1460,1460,2017-03-27,2022-11-26,2022-11-26
1461,1461,2017-03-28,2022-11-26,2022-11-26
1462,1462,2017-03-29,2022-11-26,2022-11-26
1463,1463,2017-03-30,2022-11-26,2022-11-26
1464,1464,2017-03-31,2022-11-26,2022-11-26
1465,1465,2017-03-01,2022-11-26,2022-11-26
1466,1466,2017-03-02,2022-11-26,2022-11-26
1467,1467,2017-03-03,2022-11-26,2022-11-26
1468,1468,2017-03-04,2022-11-26,2022-11-26
1469,1469,2017-03-05,2022-11-26,2022-11-26
1470,1470,2017-03-06,2022-11-26,2022-11-26
1471,1471,2017-03-07,2022-11-26,2022-11-26
1472,1472,2017-03-08,2022-11-26,2022-11-26
1473,1473,2017-03-09,2022-11-26,2022-11-26
1474,1474,2017-03-10,2022-11-26,2022-11-26
1475,1475,2017-03-11,2022-11-26,2022-11-26
1476,1476,2017-03-12,2022-11-26,2022-11-26
1477,1477,2017-03-13,2022-11-26,2022-11-26
1478,1478,2017-03-14,2022-11-26,2022-11-26
1479,1479,2017-03-15,2022-11-26,2022-11-26
1480,1480,2017-03-16,2022-11-26,2022-11-26
1481,1481,2017-03-17,2022-11-26,2022-11-26
1482,1482,2017-03-18,2022-11-26,2022-11-26
1483,1483,2017-03-19,2022-11-26,2022-11-26
1484,1484,2017-03-20,2022-11-26,2022-11-26
1485,1485,2017-03-21,2022-11-26,2022-11-26
1486,1486,2017-03-22,2022-11-26,2022-11-26
1487,1487,2017-03-23,2022-11-26,2022-11-26
1488,1488,2017-03-24,2022-11-26,2022-11-26
1489,1489,2017-03-25,2022-11-26,2022-11-26
1490,1490,2017-03-26,2022-11-26,2022-11-26
1491,1491,2017-03-27,2022-11-26,2022-11-26
1492,1492,2017-03-28,2022-11-26,2022-11-26
1493,1493,2017-03-29,2022-11-26,2022-11-26
1494,1494,2017-03-30,2022-11-26,2022-11-26
1495,1495,2017-03-31,2022-11-26,2022-11-26
1496,1496,2017-04-01,2022-11-26,2022-11-26
1497,1497,2017-04-02,2022-11-26,2022-11-26
1498,1498,2017-04-03,2022-11-26,2022-11-26
1499,1499,2017-04-04,2022-11-26,2022-11-26
1500,1500,2017-04-05,2022-11-26,2022-11-26
1501,1501,2017-04-06,2022-11-26,2022-11-26
1502,1502,2017-04-07,2022-11-26,2022-11-26
1503,1503,2017-04-08,2022-11-26,2022-11-26
1504,1504,2017-04-09,2022-11-26,2022-11-26
1505,1505,2017-04-10,2022-11-26,2022-11-26
1506,1506,2017-04-11,2022-11-26,2022-11-26
1507,1507,2017-04-12,2022-11-26,2022-11-26
1508,1508,2017-04-13,2022-11-26,2022-11-26
1509,1509,2017-04-14,2022-11-26,2022-11-26
1510,1510,2017-04-15,2022-11-26,2022-11-26
1511,1511,2017-04-16,2022-11-26,2022-11-26
1512,1512,2017-04-17,2022-11-26,2022-11-26
1513,1513,2017-04-18,2022-11-26,2022-11-26
1514,1514,2017-04-19,2022-11-26,2022-11-26
1515,1515,2017-04-20,2022-11-26,2022-11-26
1516,1516,2017-04-21,2022-11-26,2022-11-26
1517,1517,2017-04-22,2022-11-26,2022-11-26
1518,1518,2017-04-23,2022-11-26,2022-11-26
1519,1519,2017-04-24,2022-11-26,2022-11-26
1520,1520,2017-04-25,2022-11-26,2022-11-26
1521,1521,2017-04-26,2022-11-26,2022-11-26
1522,1522,2017-04-27,2022-11-26,2022-11-26
1523,1523,2017-04-28,2022-11-26,2022-11-26
1524,1524,2017-04-29,2022-11-26,2022-11-26
1525,1525,2017-04-30,2022-11-26,2022-11-26
1526,1526,2017-05-01,2022-11-26,2022-11-26
1527,1527,2017-05-02,2022-11-26,2022-11-26
1528,1528,2017-05-03,2022-11-26,2022-11-26
1529,1529,2017-05-04,2022-11-26,2022-11-26
1530,1530,2017-05-05,2022-11-26,2022-11-26
1531,1531,2017-05-06,2022-11-26,2022-11-26
1532,1532,2017-05-07,2022-11-26,2022-11-26
1533,1533,2017-05-08,2022-11-26,2022-11-26
1534,1534,2017-05-09,2022-11-26,2022-11-26
1535,1535,2017-05-10,2022-11-26,2022-11-26
1536,1536,2017-05-11,2022-11-26,2022-11-26
1537,1537,2017-05-12,2022-11-26,2022-11-26
1538,1538,2017-05-13,2022-11-26,2022-11-26
1539,1539,2017-05-14,2022-11-26,2022-11-26
1540,1540,2017-05-15,2022-11-26,2022-11-26
1541,1541,2017-05-16,2022-11-26,2022-11-26
1542,1542,2017-05-17,2022-11-26,2022-11-26
1543,1543,2017-05-18,2022-11-26,2022-11-26
1544,1544,2017-05-19,2022-11-26,2022-11-26
1545,1545,2017-05-20,2022-11-26,2022-11-26
1546,1546,2017-05-21,2022-11-26,2022-11-26
1547,1547,2017-05-22,2022-11-26,2022-11-26
1548,1548,2017-05-23,2022-11-26,2022-11-26
1549,1549,2017-05-24,2022-11-26,2022-11-26
1550,1550,2017-05-25,2022-11-26,2022-11-26
1551,1551,2017-05-26,2022-11-26,2022-11-26
1552,1552,2017-05-27,2022-11-26,2022-11-26
1553,1553,2017-05-28,2022-11-26,2022-11-26
1554,1554,2017-05-29,2022-11-26,2022-11-26
1555,1555,2017-05-30,2022-11-26,2022-11-26
1556,1556,2017-05-31,2022-11-26,2022-11-26
1557,1557,2017-01-01,2022-11-26,2022-11-26
1558,1558,2017-01-02,2022-11-26,2022-11-26
1559,1559,2017-01-03,2022-11-26,2022-11-26
1560,1560,2017-01-04,2022-11-26,2022-11-26
1561,1561,2017-01-05,2022-11-26,2022-11-26
1562,1562,2017-01-06,2022-11-26,2022-11-26
1563,1563,2017-01-07,2022-11-26,2022-11-26
1564,1564,2017-01-08,2022-11-26,2022-11-26
1565,1565,2017-01-09,2022-11-26,2022-11-26
1566,1566,2017-01-10,2022-11-26,2022-11-26
1567,1567,2017-01-11,2022-11-26,2022-11-26
1568,1568,2017-01-12,2022-11-26,2022-11-26
1569,1569,2017-01-13,2022-11-26,2022-11-26
1570,1570,2017-01-14,2022-11-26,2022-11-26
1571,1571,2017-01-15,2022-11-26,2022-11-26
1572,1572,2017-01-16,2022-11-26,2022-11-26
1573,1573,2017-01-17,2022-11-26,2022-11-26
1574,1574,2017-01-18,2022-11-26,2022-11-26
1575,1575,2017-01-19,2022-11-26,2022-11-26
1576,1576,2017-01-20,2022-11-26,2022-11-26
1577,1577,2017-01-21,2022-11-26,2022-11-26
1578,1578,2017-01-22,2022-11-26,2022-11-26
1579,1579,2017-01-23,2022-11-26,2022-11-26
1580,1580,2017-01-24,2022-11-26,2022-11-26
1581,1581,2017-01-25,2022-11-26,2022-11-26
1582,1582,2017-01-26,2022-11-26,2022-11-26
1583,1583,2017-01-27,2022-11-26,2022-11-26
1584,1584,2017-01-28,2022-11-26,2022-11-26
1585,1585,2017-01-29,2022-11-26,2022-11-26
1586,1586,2017-01-30,2022-11-26,2022-11-26
1587,1587,2017-01-01,2022-11-26,2022-11-26
1588,1588,2017-01-02,2022-11-26,2022-11-26
1589,1589,2017-01-03,2022-11-26,2022-11-26
1590,1590,2017-01-04,2022-11-26,2022-11-26
1591,1591,2017-01-05,2022-11-26,2022-11-26
1592,1592,2017-01-06,2022-11-26,2022-11-26
1593,1593,2017-01-07,2022-11-26,2022-11-26
1594,1594,2017-01-08,2022-11-26,2022-11-26
1595,1595,2017-01-09,2022-11-26,2022-11-26
1596,1596,2017-01-10,2022-11-26,2022-11-26
1597,1597,2017-01-11,2022-11-26,2022-11-26
1598,1598,2017-01-12,2022-11-26,2022-11-26
1599,1599,2017-01-13,2022-11-26,2022-11-26
1600,1600,2017-01-14,2022-11-26,2022-11-26
1601,1601,2017-01-15,2022-11-26,2022-11-26
1602,1602,2017-01-16,2022-11-26,2022-11-26
1603,1603,2017-01-17,2022-11-26,2022-11-26
1604,1604,2017-01-18,2022-11-26,2022-11-26
1605,1605,2017-01-19,2022-11-26,2022-11-26
1606,1606,2017-01-20,2022-11-26,2022-11-26
1607,1607,2017-01-21,2022-11-26,2022-11-26
1608,1608,2017-01-22,2022-11-26,2022-11-26
1609,1609,2017-01-23,2022-11-26,2022-11-26
1610,1610,2017-01-24,2022-11-26,2022-11-26
1611,1611,2017-01-25,2022-11-26,2022-11-26
1612,1612,2017-01-26,2022-11-26,2022-11-26
1613,1613,2017-01-27,2022-11-26,2022-11-26
1614,1614,2017-01-28,2022-11-26,2022-11-26
1615,1615,2017-01-29,2022-11-26,2022-11-26
1616,1616,2017-01-30,2022-11-26,2022-11-26
1617,1617,2017-01-01,2022-11-26,2022-11-26
1618,1618,2017-01-02,2022-11-26,2022-11-26
1619,1619,2017-01-03,2022-11-26,2022-11-26
1620,1620,2017-01-04,2022-11-26,2022-11-26
1621,1621,2017-01-05,2022-11-26,2022-11-26
1622,1622,2017-01-06,2022-11-26,2022-11-26
1623,1623,2017-01-07,2022-11-26,2022-11-26
1624,1624,2017-01-08,2022-11-26,2022-11-26
1625,1625,2017-01-09,2022-11-26,2022-11-26
1626,1626,2017-01-10,2022-11-26,2022-11-26
1627,1627,2017-01-11,2022-11-26,2022-11-26
1628,1628,2017-01-12,2022-11-26,2022-11-26
1629,1629,2017-01-13,2022-11-26,2022-11-26
1630,1630,2017-01-14,2022-11-26,2022-11-26
1631,1631,2017-01-15,2022-11-26,2022-11-26
1632,1632,2017-01-16,2022-11-26,2022-11-26
1633,1633,2017-01-17,2022-11-26,2022-11-26
1634,1634,2017-01-18,2022-11-26,2022-11-26
1635,1635,2017-01-19,2022-11-26,2022-11-26
1636,1636,2017-01-20,2022-11-26,2022-11-26
1637,1637,2017-01-21,2022-11-26,2022-11-26
1638,1638,2017-01-22,2022-11-26,2022-11-26
1639,1639,2017-01-23,2022-11-26,2022-11-26
1640,1640,2017-01-24,2022-11-26,2022-11-26
1641,1641,2017-01-25,2022-11-26,2022-11-26
1642,1642,2017-01-26,2022-11-26,2022-11-26
1643,1643,2017-01-27,2022-11-26,2022-11-26
1644,1644,2017-01-28,2022-11-26,2022-11-26
1645,1645,2017-01-29,2022-11-26,2022-11-26
1646,1646,2017-01-30,2022-11-26,2022-11-26
1647,1647,2017-01-01,2022-11-26,2022-11-26
1648,1648,2017-01-02,2022-11-26,2022-11-26
1649,1649,2017-01-03,2022-11-26,2022-11-26
1650,1650,2017-01-04,2022-11-26,2022-11-26
1651,1651,2017-01-05,2022-11-26,2022-11-26
1652,1652,2017-01-06,2022-11-26,2022-11-26
1653,1653,2017-01-07,2022-11-26,2022-11-26
1654,1654,2017-01-08,2022-11-26,2022-11-26
1655,1655,2017-01-09,2022-11-26,2022-11-26
1656,1656,2017-01-10,2022-11-26,2022-11-26
1657,1657,2017-01-11,2022-11-26,2022-11-26
1658,1658,2017-01-12,2022-11-26,2022-11-26
1659,1659,2017-01-13,2022-11-26,2022-11-26
1660,1660,2017-01-14,2022-11-26,2022-11-26
1661,1661,2017-01-15,2022-11-26,2022-11-26
1662,1662,2017-01-16,2022-11-26,2022-11-26
1663,1663,2017-01-17,2022-11-26,2022-11-26
1664,1664,2017-01-18,2022-11-26,2022-11-26
1665,1665,2017-01-19,2022-11-26,2022-11-26
1666,1666,2017-01-20,2022-11-26,2022-11-26
1667,1667,2017-01-21,2022-11-26,2022-11-26
1668,1668,2017-01-22,2022-11-26,2022-11-26
1669,1669,2017-01-23,2022-11-26,2022-11-26
1670,1670,2017-01-24,2022-11-26,2022-11-26
1671,1671,2017-01-25,2022-11-26,2022-11-26
1672,1672,2017-01-26,2022-11-26,2022-11-26
1673,1673,2017-01-27,2022-11-26,2022-11-26
1674,1674,2017-01-28,2022-11-26,2022-11-26
1675,1675,2017-01-29,2022-11-26,2022-11-26
1676,1676,2017-01-30,2022-11-26,2022-11-26
1677,1677,2017-02-01,2022-11-26,2022-11-26
1678,1678,2017-02-02,2022-11-26,2022-11-26
1679,1679,2017-02-03,2022-11-26,2022-11-26
1680,1680,2017-02-04,2022-11-26,2022-11-26
1681,1681,2017-02-05,2022-11-26,2022-11-26
1682,1682,2017-02-06,2022-11-26,2022-11-26
1683,1683,2017-02-07,2022-11-26,2022-11-26
1684,1684,2017-02-08,2022-11-26,2022-11-26
1685,1685,2017-02-09,2022-11-26,2022-11-26
1686,1686,2017-02-10,2022-11-26,2022-11-26
1687,1687,2017-02-11,2022-11-26,2022-11-26
1688,1688,2017-02-12,2022-11-26,2022-11-26
1689,1689,2017-02-13,2022-11-26,2022-11-26
1690,1690,2017-02-14,2022-11-26,2022-11-26
1691,1691,2017-02-15,2022-11-26,2022-11-26
1692,1692,2017-02-16,2022-11-26,2022-11-26
1693,1693,2017-02-17,2022-11-26,2022-11-26
1694,1694,2017-02-18,2022-11-26,2022-11-26
1695,1695,2017-02-19,2022-11-26,2022-11-26
1696,1696,2017-02-20,2022-11-26,2022-11-26
1697,1697,2017-02-21,2022-11-26,2022-11-26
1698,1698,2017-02-22,2022-11-26,2022-11-26
1699,1699,2017-02-23,2022-11-26,2022-11-26
1700,1700,2017-02-24,2022-11-26,2022-11-26
1701,1701,2017-02-25,2022-11-26,2022-11-26
1702,1702,2017-02-26,2022-11-26,2022-11-26
1703,1703,2017-02-27,2022-11-26,2022-11-26
1704,1704,2017-02-28,2022-11-26,2022-11-26
1705,1705,2017-02-01,2022-11-26,2022-11-26
1706,1706,2017-02-02,2022-11-26,2022-11-26
1707,1707,2017-02-03,2022-11-26,2022-11-26
1708,1708,2017-02-04,2022-11-26,2022-11-26
1709,1709,2017-02-05,2022-11-26,2022-11-26
1710,1710,2017-02-06,2022-11-26,2022-11-26
1711,1711,2017-02-07,2022-11-26,2022-11-26
1712,1712,2017-02-08,2022-11-26,2022-11-26
1713,1713,2017-02-09,2022-11-26,2022-11-26
1714,1714,2017-02-10,2022-11-26,2022-11-26
1715,1715,2017-02-11,2022-11-26,2022-11-26
1716,1716,2017-02-12,2022-11-26,2022-11-26
1717,1717,2017-02-13,2022-11-26,2022-11-26
1718,1718,2017-02-14,2022-11-26,2022-11-26
1719,1719,2017-02-15,2022-11-26,2022-11-26
1720,1720,2017-02-16,2022-11-26,2022-11-26
1721,1721,2017-02-17,2022-11-26,2022-11-26
1722,1722,2017-02-18,2022-11-26,2022-11-26
1723,1723,2017-02-19,2022-11-26,2022-11-26
1724,1724,2017-02-20,2022-11-26,2022-11-26
1725,1725,2017-02-21,2022-11-26,2022-11-26
1726,1726,2017-02-22,2022-11-26,2022-11-26
1727,1727,2017-02-23,2022-11-26,2022-11-26
1728,1728,2017-02-24,2022-11-26,2022-11-26
1729,1729,2017-02-25,2022-11-26,2022-11-26
1730,1730,2017-02-26,2022-11-26,2022-11-26
1731,1731,2017-02-27,2022-11-26,2022-11-26
1732,1732,2017-02-28,2022-11-26,2022-11-26
1733,1733,2017-02-01,2022-11-26,2022-11-26
1734,1734,2017-02-02,2022-11-26,2022-11-26
1735,1735,2017-02-03,2022-11-26,2022-11-26
1736,1736,2017-02-04,2022-11-26,2022-11-26
1737,1737,2017-02-05,2022-11-26,2022-11-26
1738,1738,2017-02-06,2022-11-26,2022-11-26
1739,1739,2017-02-07,2022-11-26,2022-11-26
1740,1740,2017-02-08,2022-11-26,2022-11-26
1741,1741,2017-02-09,2022-11-26,2022-11-26
1742,1742,2017-02-10,2022-11-26,2022-11-26
1743,1743,2017-02-11,2022-11-26,2022-11-26
1744,1744,2017-02-12,2022-11-26,2022-11-26
1745,1745,2017-02-13,2022-11-26,2022-11-26
1746,1746,2017-02-14,2022-11-26,2022-11-26
1747,1747,2017-02-15,2022-11-26,2022-11-26
1748,1748,2017-02-16,2022-11-26,2022-11-26
1749,1749,2017-02-17,2022-11-26,2022-11-26
1750,1750,2017-02-18,2022-11-26,2022-11-26
1751,1751,2017-02-19,2022-11-26,2022-11-26
1752,1752,2017-02-20,2022-11-26,2022-11-26
1753,1753,2017-02-21,2022-11-26,2022-11-26
1754,1754,2017-02-22,2022-11-26,2022-11-26
1755,1755,2017-02-23,2022-11-26,2022-11-26
1756,1756,2017-02-24,2022-11-26,2022-11-26
1757,1757,2017-02-25,2022-11-26,2022-11-26
1758,1758,2017-02-26,2022-11-26,2022-11-26
1759,1759,2017-02-27,2022-11-26,2022-11-26
1760,1760,2017-02-28,2022-11-26,2022-11-26
1761,1761,2017-03-01,2022-11-26,2022-11-26
1762,1762,2017-03-02,2022-11-26,2022-11-26
1763,1763,2017-03-03,2022-11-26,2022-11-26
1764,1764,2017-03-04,2022-11-26,2022-11-26
1765,1765,2017-03-05,2022-11-26,2022-11-26
1766,1766,2017-03-06,2022-11-26,2022-11-26
1767,1767,2017-03-07,2022-11-26,2022-11-26
1768,1768,2017-03-08,2022-11-26,2022-11-26
1769,1769,2017-03-09,2022-11-26,2022-11-26
1770,1770,2017-03-10,2022-11-26,2022-11-26
1771,1771,2017-03-11,2022-11-26,2022-11-26
1772,1772,2017-03-12,2022-11-26,2022-11-26
1773,1773,2017-03-13,2022-11-26,2022-11-26
1774,1774,2017-03-14,2022-11-26,2022-11-26
1775,1775,2017-03-15,2022-11-26,2022-11-26
1776,1776,2017-03-16,2022-11-26,2022-11-26
1777,1777,2017-03-17,2022-11-26,2022-11-26
1778,1778,2017-03-18,2022-11-26,2022-11-26
1779,1779,2017-03-19,2022-11-26,2022-11-26
1780,1780,2017-03-20,2022-11-26,2022-11-26
1781,1781,2017-03-21,2022-11-26,2022-11-26
1782,1782,2017-03-22,2022-11-26,2022-11-26
1783,1783,2017-03-23,2022-11-26,2022-11-26
1784,1784,2017-03-24,2022-11-26,2022-11-26
1785,1785,2017-03-25,2022-11-26,2022-11-26
1786,1786,2017-03-26,2022-11-26,2022-11-26
1787,1787,2017-03-27,2022-11-26,2022-11-26
1788,1788,2017-03-28,2022-11-26,2022-11-26
1789,1789,2017-03-29,2022-11-26,2022-11-26
1790,1790,2017-03-30,2022-11-26,2022-11-26
1791,1791,2017-03-31,2022-11-26,2022-11-26
1792,1792,2017-03-01,2022-11-26,2022-11-26
1793,1793,2017-03-02,2022-11-26,2022-11-26
1794,1794,2017-03-03,2022-11-26,2022-11-26
1795,1795,2017-03-04,2022-11-26,2022-11-26
1796,1796,2017-03-05,2022-11-26,2022-11-26
1797,1797,2017-03-06,2022-11-26,2022-11-26
1798,1798,2017-03-07,2022-11-26,2022-11-26
1799,1799,2017-03-08,2022-11-26,2022-11-26
1800,1800,2017-03-09,2022-11-26,2022-11-26
1801,1801,2017-03-10,2022-11-26,2022-11-26
1802,1802,2017-03-11,2022-11-26,2022-11-26
1803,1803,2017-03-12,2022-11-26,2022-11-26
1804,1804,2017-03-13,2022-11-26,2022-11-26
1805,1805,2017-03-14,2022-11-26,2022-11-26
1806,1806,2017-03-15,2022-11-26,2022-11-26
1807,1807,2017-03-16,2022-11-26,2022-11-26
1808,1808,2017-03-17,2022-11-26,2022-11-26
1809,1809,2017-03-18,2022-11-26,2022-11-26
1810,1810,2017-03-19,2022-11-26,2022-11-26
1811,1811,2017-03-20,2022-11-26,2022-11-26
1812,1812,2017-03-21,2022-11-26,2022-11-26
1813,1813,2017-03-22,2022-11-26,2022-11-26
1814,1814,2017-03-23,2022-11-26,2022-11-26
1815,1815,2017-03-24,2022-11-26,2022-11-26
1816,1816,2017-03-25,2022-11-26,2022-11-26
1817,1817,2017-03-26,2022-11-26,2022-11-26
1818,1818,2017-03-27,2022-11-26,2022-11-26
1819,1819,2017-03-28,2022-11-26,2022-11-26
1820,1820,2017-03-29,2022-11-26,2022-11-26
1821,1821,2017-03-30,2022-11-26,2022-11-26
1822,1822,2017-03-31,2022-11-26,2022-11-26
1823,1823,2017-03-01,2022-11-26,2022-11-26
1824,1824,2017-03-02,2022-11-26,2022-11-26
1825,1825,2017-03-03,2022-11-26,2022-11-26
1826,1826,2017-03-04,2022-11-26,2022-11-26
1827,1827,2017-03-05,2022-11-26,2022-11-26
1828,1828,2017-03-06,2022-11-26,2022-11-26
1829,1829,2017-03-07,2022-11-26,2022-11-26
1830,1830,2017-03-08,2022-11-26,2022-11-26
1831,1831,2017-03-09,2022-11-26,2022-11-26
1832,1832,2017-03-10,2022-11-26,2022-11-26
1833,1833,2017-03-11,2022-11-26,2022-11-26
1834,1834,2017-03-12,2022-11-26,2022-11-26
1835,1835,2017-03-13,2022-11-26,2022-11-26
1836,1836,2017-03-14,2022-11-26,2022-11-26
1837,1837,2017-03-15,2022-11-26,2022-11-26
1838,1838,2017-03-16,2022-11-26,2022-11-26
1839,1839,2017-03-17,2022-11-26,2022-11-26
1840,1840,2017-03-18,2022-11-26,2022-11-26
1841,1841,2017-03-19,2022-11-26,2022-11-26
1842,1842,2017-03-20,2022-11-26,2022-11-26
1843,1843,2017-03-21,2022-11-26,2022-11-26
1844,1844,2017-03-22,2022-11-26,2022-11-26
1845,1845,2017-03-23,2022-11-26,2022-11-26
1846,1846,2017-03-24,2022-11-26,2022-11-26
1847,1847,2017-03-25,2022-11-26,2022-11-26
1848,1848,2017-03-26,2022-11-26,2022-11-26
1849,1849,2017-03-27,2022-11-26,2022-11-26
1850,1850,2017-03-28,2022-11-26,2022-11-26
1851,1851,2017-03-29,2022-11-26,2022-11-26
1852,1852,2017-03-30,2022-11-26,2022-11-26
1853,1853,2017-03-31,2022-11-26,2022-11-26
1854,1854,2017-03-01,2022-11-26,2022-11-26
1855,1855,2017-03-02,2022-11-26,2022-11-26
1856,1856,2017-03-03,2022-11-26,2022-11-26
1857,1857,2017-03-04,2022-11-26,2022-11-26
1858,1858,2017-03-05,2022-11-26,2022-11-26
1859,1859,2017-03-06,2022-11-26,2022-11-26
1860,1860,2017-03-07,2022-11-26,2022-11-26
1861,1861,2017-03-08,2022-11-26,2022-11-26
1862,1862,2017-03-09,2022-11-26,2022-11-26
1863,1863,2017-03-10,2022-11-26,2022-11-26
1864,1864,2017-03-11,2022-11-26,2022-11-26
1865,1865,2017-03-12,2022-11-26,2022-11-26
1866,1866,2017-03-13,2022-11-26,2022-11-26
1867,1867,2017-03-14,2022-11-26,2022-11-26
1868,1868,2017-03-15,2022-11-26,2022-11-26
1869,1869,2017-03-16,2022-11-26,2022-11-26
1870,1870,2017-03-17,2022-11-26,2022-11-26
1871,1871,2017-03-18,2022-11-26,2022-11-26
1872,1872,2017-03-19,2022-11-26,2022-11-26
1873,1873,2017-03-20,2022-11-26,2022-11-26
1874,1874,2017-03-21,2022-11-26,2022-11-26
1875,1875,2017-03-22,2022-11-26,2022-11-26
1876,1876,2017-03-23,2022-11-26,2022-11-26
1877,1877,2017-03-24,2022-11-26,2022-11-26
1878,1878,2017-03-25,2022-11-26,2022-11-26
1879,1879,2017-03-26,2022-11-26,2022-11-26
1880,1880,2017-03-27,2022-11-26,2022-11-26
1881,1881,2017-03-28,2022-11-26,2022-11-26
1882,1882,2017-03-29,2022-11-26,2022-11-26
1883,1883,2017-03-30,2022-11-26,2022-11-26
1884,1884,2017-03-31,2022-11-26,2022-11-26
1885,1885,2017-04-01,2022-11-26,2022-11-26
1886,1886,2017-04-02,2022-11-26,2022-11-26
1887,1887,2017-04-03,2022-11-26,2022-11-26
1888,1888,2017-04-04,2022-11-26,2022-11-26
1889,1889,2017-04-05,2022-11-26,2022-11-26
1890,1890,2017-04-06,2022-11-26,2022-11-26
1891,1891,2017-04-07,2022-11-26,2022-11-26
1892,1892,2017-04-08,2022-11-26,2022-11-26
1893,1893,2017-04-09,2022-11-26,2022-11-26
1894,1894,2017-04-10,2022-11-26,2022-11-26
1895,1895,2017-04-11,2022-11-26,2022-11-26
1896,1896,2017-04-12,2022-11-26,2022-11-26
1897,1897,2017-04-13,2022-11-26,2022-11-26
1898,1898,2017-04-14,2022-11-26,2022-11-26
1899,1899,2017-04-15,2022-11-26,2022-11-26
1900,1900,2017-04-16,2022-11-26,2022-11-26
1901,1901,2017-04-17,2022-11-26,2022-11-26
1902,1902,2017-04-18,2022-11-26,2022-11-26
1903,1903,2017-04-19,2022-11-26,2022-11-26
1904,1904,2017-04-20,2022-11-26,2022-11-26
1905,1905,2017-04-21,2022-11-26,2022-11-26
1906,1906,2017-04-22,2022-11-26,2022-11-26
1907,1907,2017-04-23,2022-11-26,2022-11-26
1908,1908,2017-04-24,2022-11-26,2022-11-26
1909,1909,2017-04-25,2022-11-26,2022-11-26
1910,1910,2017-04-26,2022-11-26,2022-11-26
1911,1911,2017-04-27,2022-11-26,2022-11-26
1912,1912,2017-04-28,2022-11-26,2022-11-26
1913,1913,2017-04-29,2022-11-26,2022-11-26
1914,1914,2017-04-30,2022-11-26,2022-11-26
1915,1915,2017-05-01,2022-11-26,2022-11-26
1916,1916,2017-05-02,2022-11-26,2022-11-26
1917,1917,2017-05-03,2022-11-26,2022-11-26
1918,1918,2017-05-04,2022-11-26,2022-11-26
1919,1919,2017-05-05,2022-11-26,2022-11-26
1920,1920,2017-05-06,2022-11-26,2022-11-26
1921,1921,2017-05-07,2022-11-26,2022-11-26
1922,1922,2017-05-08,2022-11-26,2022-11-26
1923,1923,2017-05-09,2022-11-26,2022-11-26
1924,1924,2017-05-10,2022-11-26,2022-11-26
1925,1925,2017-05-11,2022-11-26,2022-11-26
1926,1926,2017-05-12,2022-11-26,2022-11-26
1927,1927,2017-05-13,2022-11-26,2022-11-26
1928,1928,2017-05-14,2022-11-26,2022-11-26
1929,1929,2017-05-15,2022-11-26,2022-11-26
1930,1930,2017-05-16,2022-11-26,2022-11-26
1931,1931,2017-05-17,2022-11-26,2022-11-26
1932,1932,2017-05-18,2022-11-26,2022-11-26
1933,1933,2017-05-19,2022-11-26,2022-11-26
1934,1934,2017-05-20,2022-11-26,2022-11-26
1935,1935,2017-05-21,2022-11-26,2022-11-26
1936,1936,2017-05-22,2022-11-26,2022-11-26
1937,1937,2017-05-23,2022-11-26,2022-11-26
1938,1938,2017-05-24,2022-11-26,2022-11-26
1939,1939,2017-05-25,2022-11-26,2022-11-26
1940,1940,2017-05-26,2022-11-26,2022-11-26
1941,1941,2017-05-27,2022-11-26,2022-11-26
1942,1942,2017-05-28,2022-11-26,2022-11-26
1943,1943,2017-05-29,2022-11-26,2022-11-26
1944,1944,2017-05-30,2022-11-26,2022-11-26
1945,1945,2017-05-31,2022-11-26,2022-11-26
1946,1946,2017-01-01,2022-11-26,2022-11-26
1947,1947,2017-01-02,2022-11-26,2022-11-26
1948,1948,2017-01-03,2022-11-26,2022-11-26
1949,1949,2017-01-04,2022-11-26,2022-11-26
1950,1950,2017-01-05,2022-11-26,2022-11-26
1951,1951,2017-01-06,2022-11-26,2022-11-26
1952,1952,2017-01-07,2022-11-26,2022-11-26
1953,1953,2017-01-08,2022-11-26,2022-11-26
1954,1954,2017-01-09,2022-11-26,2022-11-26
1955,1955,2017-01-10,2022-11-26,2022-11-26
1956,1956,2017-01-11,2022-11-26,2022-11-26
1957,1957,2017-01-12,2022-11-26,2022-11-26
1958,1958,2017-01-13,2022-11-26,2022-11-26
1959,1959,2017-01-14,2022-11-26,2022-11-26
1960,1960,2017-01-15,2022-11-26,2022-11-26
1961,1961,2017-01-16,2022-11-26,2022-11-26
1962,1962,2017-01-17,2022-11-26,2022-11-26
1963,1963,2017-01-18,2022-11-26,2022-11-26
1964,1964,2017-01-19,2022-11-26,2022-11-26
1965,1965,2017-01-20,2022-11-26,2022-11-26
1966,1966,2017-01-21,2022-11-26,2022-11-26
1967,1967,2017-01-22,2022-11-26,2022-11-26
1968,1968,2017-01-23,2022-11-26,2022-11-26
1969,1969,2017-01-24,2022-11-26,2022-11-26
1970,1970,2017-01-25,2022-11-26,2022-11-26
1971,1971,2017-01-26,2022-11-26,2022-11-26
1972,1972,2017-01-27,2022-11-26,2022-11-26
1973,1973,2017-01-28,2022-11-26,2022-11-26
1974,1974,2017-01-29,2022-11-26,2022-11-26
1975,1975,2017-01-30,2022-11-26,2022-11-26
1976,1976,2017-01-01,2022-11-26,2022-11-26
1977,1977,2017-01-02,2022-11-26,2022-11-26
1978,1978,2017-01-03,2022-11-26,2022-11-26
1979,1979,2017-01-04,2022-11-26,2022-11-26
1980,1980,2017-01-05,2022-11-26,2022-11-26
1981,1981,2017-01-06,2022-11-26,2022-11-26
1982,1982,2017-01-07,2022-11-26,2022-11-26
1983,1983,2017-01-08,2022-11-26,2022-11-26
1984,1984,2017-01-09,2022-11-26,2022-11-26
1985,1985,2017-01-10,2022-11-26,2022-11-26
1986,1986,2017-01-11,2022-11-26,2022-11-26
1987,1987,2017-01-12,2022-11-26,2022-11-26
1988,1988,2017-01-13,2022-11-26,2022-11-26
1989,1989,2017-01-14,2022-11-26,2022-11-26
1990,1990,2017-01-15,2022-11-26,2022-11-26
1991,1991,2017-01-16,2022-11-26,2022-11-26
1992,1992,2017-01-17,2022-11-26,2022-11-26
1993,1993,2017-01-18,2022-11-26,2022-11-26
1994,1994,2017-01-19,2022-11-26,2022-11-26
1995,1995,2017-01-20,2022-11-26,2022-11-26
1996,1996,2017-01-21,2022-11-26,2022-11-26
1997,1997,2017-01-22,2022-11-26,2022-11-26
1998,1998,2017-01-23,2022-11-26,2022-11-26
1999,1999,2017-01-24,2022-11-26,2022-11-26
2000,2000,2017-01-25,2022-11-26,2022-11-26
2001,2001,2017-01-26,2022-11-26,2022-11-26
2002,2002,2017-01-27,2022-11-26,2022-11-26
2003,2003,2017-01-28,2022-11-26,2022-11-26
2004,2004,2017-01-29,2022-11-26,2022-11-26
2005,2005,2017-01-30,2022-11-26,2022-11-26
2006,2006,2017-01-01,2022-11-26,2022-11-26
2007,2007,2017-01-02,2022-11-26,2022-11-26
2008,2008,2017-01-03,2022-11-26,2022-11-26
2009,2009,2017-01-04,2022-11-26,2022-11-26
2010,2010,2017-01-05,2022-11-26,2022-11-26
2011,2011,2017-01-06,2022-11-26,2022-11-26
2012,2012,2017-01-07,2022-11-26,2022-11-26
2013,2013,2017-01-08,2022-11-26,2022-11-26
2014,2014,2017-01-09,2022-11-26,2022-11-26
2015,2015,2017-01-10,2022-11-26,2022-11-26
2016,2016,2017-01-11,2022-11-26,2022-11-26
2017,2017,2017-01-12,2022-11-26,2022-11-26
2018,2018,2017-01-13,2022-11-26,2022-11-26
2019,2019,2017-01-14,2022-11-26,2022-11-26
2020,2020,2017-01-15,2022-11-26,2022-11-26
2021,2021,2017-01-16,2022-11-26,2022-11-26
2022,2022,2017-01-17,2022-11-26,2022-11-26
2023,2023,2017-01-18,2022-11-26,2022-11-26
2024,2024,2017-01-19,2022-11-26,2022-11-26
2025,2025,2017-01-20,2022-11-26,2022-11-26
2026,2026,2017-01-21,2022-11-26,2022-11-26
2027,2027,2017-01-22,2022-11-26,2022-11-26
2028,2028,2017-01-23,2022-11-26,2022-11-26
2029,2029,2017-01-24,2022-11-26,2022-11-26
2030,2030,2017-01-25,2022-11-26,2022-11-26
2031,2031,2017-01-26,2022-11-26,2022-11-26
2032,2032,2017-01-27,2022-11-26,2022-11-26
2033,2033,2017-01-28,2022-11-26,2022-11-26
2034,2034,2017-01-29,2022-11-26,2022-11-26
2035,2035,2017-01-30,2022-11-26,2022-11-26
2036,2036,2017-01-01,2022-11-26,2022-11-26
2037,2037,2017-01-02,2022-11-26,2022-11-26
2038,2038,2017-01-03,2022-11-26,2022-11-26
2039,2039,2017-01-04,2022-11-26,2022-11-26
2040,2040,2017-01-05,2022-11-26,2022-11-26
2041,2041,2017-01-06,2022-11-26,2022-11-26
2042,2042,2017-01-07,2022-11-26,2022-11-26
2043,2043,2017-01-08,2022-11-26,2022-11-26
2044,2044,2017-01-09,2022-11-26,2022-11-26
2045,2045,2017-01-10,2022-11-26,2022-11-26
2046,2046,2017-01-11,2022-11-26,2022-11-26
2047,2047,2017-01-12,2022-11-26,2022-11-26
2048,2048,2017-01-13,2022-11-26,2022-11-26
2049,2049,2017-01-14,2022-11-26,2022-11-26
2050,2050,2017-01-15,2022-11-26,2022-11-26
2051,2051,2017-01-16,2022-11-26,2022-11-26
2052,2052,2017-01-17,2022-11-26,2022-11-26
2053,2053,2017-01-18,2022-11-26,2022-11-26
2054,2054,2017-01-19,2022-11-26,2022-11-26
2055,2055,2017-01-20,2022-11-26,2022-11-26
2056,2056,2017-01-21,2022-11-26,2022-11-26
2057,2057,2017-01-22,2022-11-26,2022-11-26
2058,2058,2017-01-23,2022-11-26,2022-11-26
2059,2059,2017-01-24,2022-11-26,2022-11-26
2060,2060,2017-01-25,2022-11-26,2022-11-26
2061,2061,2017-01-26,2022-11-26,2022-11-26
2062,2062,2017-01-27,2022-11-26,2022-11-26
2063,2063,2017-01-28,2022-11-26,2022-11-26
2064,2064,2017-01-29,2022-11-26,2022-11-26
2065,2065,2017-01-30,2022-11-26,2022-11-26
2066,2066,2017-02-01,2022-11-26,2022-11-26
2067,2067,2017-02-02,2022-11-26,2022-11-26
2068,2068,2017-02-03,2022-11-26,2022-11-26
2069,2069,2017-02-04,2022-11-26,2022-11-26
2070,2070,2017-02-05,2022-11-26,2022-11-26
2071,2071,2017-02-06,2022-11-26,2022-11-26
2072,2072,2017-02-07,2022-11-26,2022-11-26
2073,2073,2017-02-08,2022-11-26,2022-11-26
2074,2074,2017-02-09,2022-11-26,2022-11-26
2075,2075,2017-02-10,2022-11-26,2022-11-26
2076,2076,2017-02-11,2022-11-26,2022-11-26
2077,2077,2017-02-12,2022-11-26,2022-11-26
2078,2078,2017-02-13,2022-11-26,2022-11-26
2079,2079,2017-02-14,2022-11-26,2022-11-26
2080,2080,2017-02-15,2022-11-26,2022-11-26
2081,2081,2017-02-16,2022-11-26,2022-11-26
2082,2082,2017-02-17,2022-11-26,2022-11-26
2083,2083,2017-02-18,2022-11-26,2022-11-26
2084,2084,2017-02-19,2022-11-26,2022-11-26
2085,2085,2017-02-20,2022-11-26,2022-11-26
2086,2086,2017-02-21,2022-11-26,2022-11-26
2087,2087,2017-02-22,2022-11-26,2022-11-26
2088,2088,2017-02-23,2022-11-26,2022-11-26
2089,2089,2017-02-24,2022-11-26,2022-11-26
2090,2090,2017-02-25,2022-11-26,2022-11-26
2091,2091,2017-02-26,2022-11-26,2022-11-26
2092,2092,2017-02-27,2022-11-26,2022-11-26
2093,2093,2017-02-28,2022-11-26,2022-11-26
2094,2094,2017-02-01,2022-11-26,2022-11-26
2095,2095,2017-02-02,2022-11-26,2022-11-26
2096,2096,2017-02-03,2022-11-26,2022-11-26
2097,2097,2017-02-04,2022-11-26,2022-11-26
2098,2098,2017-02-05,2022-11-26,2022-11-26
2099,2099,2017-02-06,2022-11-26,2022-11-26
2100,2100,2017-02-07,2022-11-26,2022-11-26
2101,2101,2017-02-08,2022-11-26,2022-11-26
2102,2102,2017-02-09,2022-11-26,2022-11-26
2103,2103,2017-02-10,2022-11-26,2022-11-26
2104,2104,2017-02-11,2022-11-26,2022-11-26
2105,2105,2017-02-12,2022-11-26,2022-11-26
2106,2106,2017-02-13,2022-11-26,2022-11-26
2107,2107,2017-02-14,2022-11-26,2022-11-26
2108,2108,2017-02-15,2022-11-26,2022-11-26
2109,2109,2017-02-16,2022-11-26,2022-11-26
2110,2110,2017-02-17,2022-11-26,2022-11-26
2111,2111,2017-02-18,2022-11-26,2022-11-26
2112,2112,2017-02-19,2022-11-26,2022-11-26
2113,2113,2017-02-20,2022-11-26,2022-11-26
2114,2114,2017-02-21,2022-11-26,2022-11-26
2115,2115,2017-02-22,2022-11-26,2022-11-26
2116,2116,2017-02-23,2022-11-26,2022-11-26
2117,2117,2017-02-24,2022-11-26,2022-11-26
2118,2118,2017-02-25,2022-11-26,2022-11-26
2119,2119,2017-02-26,2022-11-26,2022-11-26
2120,2120,2017-02-27,2022-11-26,2022-11-26
2121,2121,2017-02-28,2022-11-26,2022-11-26
2122,2122,2017-02-01,2022-11-26,2022-11-26
2123,2123,2017-02-02,2022-11-26,2022-11-26
2124,2124,2017-02-03,2022-11-26,2022-11-26
2125,2125,2017-02-04,2022-11-26,2022-11-26
2126,2126,2017-02-05,2022-11-26,2022-11-26
2127,2127,2017-02-06,2022-11-26,2022-11-26
2128,2128,2017-02-07,2022-11-26,2022-11-26
2129,2129,2017-02-08,2022-11-26,2022-11-26
2130,2130,2017-02-09,2022-11-26,2022-11-26
2131,2131,2017-02-10,2022-11-26,2022-11-26
2132,2132,2017-02-11,2022-11-26,2022-11-26
2133,2133,2017-02-12,2022-11-26,2022-11-26
2134,2134,2017-02-13,2022-11-26,2022-11-26
2135,2135,2017-02-14,2022-11-26,2022-11-26
2136,2136,2017-02-15,2022-11-26,2022-11-26
2137,2137,2017-02-16,2022-11-26,2022-11-26
2138,2138,2017-02-17,2022-11-26,2022-11-26
2139,2139,2017-02-18,2022-11-26,2022-11-26
2140,2140,2017-02-19,2022-11-26,2022-11-26
2141,2141,2017-02-20,2022-11-26,2022-11-26
2142,2142,2017-02-21,2022-11-26,2022-11-26
2143,2143,2017-02-22,2022-11-26,2022-11-26
2144,2144,2017-02-23,2022-11-26,2022-11-26
2145,2145,2017-02-24,2022-11-26,2022-11-26
2146,2146,2017-02-25,2022-11-26,2022-11-26
2147,2147,2017-02-26,2022-11-26,2022-11-26
2148,2148,2017-02-27,2022-11-26,2022-11-26
2149,2149,2017-02-28,2022-11-26,2022-11-26
2150,2150,2017-03-01,2022-11-26,2022-11-26
2151,2151,2017-03-02,2022-11-26,2022-11-26
2152,2152,2017-03-03,2022-11-26,2022-11-26
2153,2153,2017-03-04,2022-11-26,2022-11-26
2154,2154,2017-03-05,2022-11-26,2022-11-26
2155,2155,2017-03-06,2022-11-26,2022-11-26
2156,2156,2017-03-07,2022-11-26,2022-11-26
2157,2157,2017-03-08,2022-11-26,2022-11-26
2158,2158,2017-03-09,2022-11-26,2022-11-26
2159,2159,2017-03-10,2022-11-26,2022-11-26
2160,2160,2017-03-11,2022-11-26,2022-11-26
2161,2161,2017-03-12,2022-11-26,2022-11-26
2162,2162,2017-03-13,2022-11-26,2022-11-26
2163,2163,2017-03-14,2022-11-26,2022-11-26
2164,2164,2017-03-15,2022-11-26,2022-11-26